Education,Default,HHInsurance,CarLoan,PrevAttempts,AgeBin,BalanceBin,CallLengthBin,CallStartHour,LastContactMon,Job,Marital,Communication,Outcome,CarInsurance
3,0,1,0,0,1,1,1,13,1,5,2,2,0,0
1,0,1,0,0,1,1,1,14,5,2,1,0,0,0
3,0,1,0,1,1,1,1,16,6,5,2,1,1,1
1,0,1,0,0,1,1,2,12,5,9,2,1,0,1
3,0,0,0,0,1,1,1,14,6,5,1,1,0,0
3,0,0,0,1,1,1,2,14,5,10,2,1,1,1
3,0,1,0,0,2,1,1,13,3,1,2,1,0,1
3,0,1,0,0,2,1,1,15,5,5,0,0,0,0
2,0,1,0,0,1,1,1,12,11,1,1,1,0,0
2,0,1,1,0,1,1,1,9,5,2,1,1,0,0
2,0,0,0,0,1,1,1,13,6,8,2,1,0,0
1,1,0,0,0,3,1,1,16,1,2,1,1,0,1
2,0,1,0,0,2,1,2,16,1,10,1,1,0,1
2,0,1,0,0,2,1,1,10,6,7,0,0,0,0
2,0,0,0,3,1,1,1,14,7,8,2,1,2,1
3,0,0,0,1,3,1,1,16,8,5,2,1,1,1
2,0,1,0,1,2,1,1,11,5,1,2,2,2,0
3,0,0,0,1,2,1,1,11,9,5,1,1,2,1
2,0,1,0,1,3,1,1,12,5,2,1,1,1,1
1,0,0,0,0,3,1,1,10,4,2,1,2,0,1
2,0,1,1,0,3,1,1,9,6,2,1,0,0,0
2,0,0,0,3,5,1,1,17,9,6,1,2,3,1
3,0,0,0,0,1,1,1,14,8,5,2,1,0,0
2,0,0,0,1,3,1,1,15,7,6,1,1,3,1
2,0,1,0,2,3,1,1,16,2,10,1,1,2,1
3,0,0,0,0,1,1,1,17,7,5,1,1,0,0
1,0,0,1,0,3,1,1,10,11,5,1,1,0,0
0,0,0,0,0,2,1,1,12,4,0,0,1,0,1
2,0,1,0,0,2,1,1,13,6,8,1,0,0,0
1,0,0,0,0,2,1,1,10,6,2,1,0,0,0
2,0,0,0,1,3,1,2,11,4,10,1,2,3,1
2,0,1,0,1,1,1,1,10,6,1,2,1,1,0
3,0,0,0,0,3,1,1,10,8,6,2,1,0,1
3,0,0,0,0,2,1,1,15,2,5,0,1,0,0
2,0,1,0,0,2,1,1,13,5,2,2,0,0,0
2,0,1,0,0,2,1,1,14,5,2,1,1,0,0
2,0,1,1,0,1,1,2,11,5,2,1,0,0,0
2,0,1,0,0,1,1,1,15,7,1,1,1,0,0
1,0,1,0,0,2,1,1,13,7,2,0,1,0,1
2,0,1,1,0,2,1,1,15,11,1,1,1,0,0
2,0,1,0,0,1,1,1,17,5,5,1,0,0,0
2,0,1,0,0,2,1,1,11,5,2,1,0,0,0
3,0,0,0,0,2,1,2,9,2,5,2,1,0,1
2,0,1,0,1,2,1,1,10,5,1,1,1,1,1
3,0,0,0,0,3,1,1,11,8,5,1,1,0,0
2,0,1,0,0,2,1,1,16,6,2,2,0,0,0
2,0,1,0,0,2,1,2,12,7,5,0,1,0,1
1,0,0,0,0,4,1,2,16,10,6,0,1,0,1
2,0,0,0,0,2,1,1,17,6,1,2,0,0,0
2,0,0,0,0,1,1,1,9,2,10,0,1,0,0
2,0,1,0,0,3,1,1,16,4,8,0,1,0,0
1,0,0,0,0,2,1,1,10,6,4,1,0,0,0
2,0,1,1,0,2,1,1,13,11,7,1,1,0,1
2,0,0,0,0,4,1,1,16,5,6,1,2,0,1
2,0,0,1,0,1,1,1,9,1,2,1,1,0,0
2,0,0,0,0,2,1,3,16,2,8,1,2,0,1
2,0,1,0,5,1,1,1,14,11,1,1,1,1,0
2,0,0,1,1,2,1,1,17,10,3,0,1,1,0
3,0,1,0,0,2,1,1,13,5,5,2,1,0,1
2,0,0,0,0,3,1,1,12,5,11,1,1,0,0
3,0,0,0,0,2,1,1,15,8,5,0,1,0,0
2,0,0,0,0,2,1,2,16,11,3,1,1,0,1
1,0,0,0,0,1,1,1,13,8,9,2,1,0,1
2,0,0,0,0,3,1,1,16,5,8,1,0,0,0
2,0,1,0,0,2,1,2,9,5,8,2,1,0,1
3,0,0,0,0,3,1,1,14,6,5,1,1,0,1
2,0,0,0,0,1,1,1,12,1,2,2,1,0,0
3,0,1,0,0,1,1,1,10,4,5,1,1,0,0
2,0,1,0,0,2,1,1,17,4,2,1,1,0,1
3,0,1,0,0,3,1,1,17,6,5,1,0,0,0
3,0,1,0,0,1,1,3,9,5,4,1,1,0,1
2,0,1,0,0,1,1,1,14,5,1,1,0,0,0
2,0,0,0,1,1,1,1,14,9,10,2,1,2,0
2,0,1,0,0,2,1,1,13,5,2,1,0,0,0
3,0,0,0,0,2,1,1,17,8,10,0,1,0,0
2,0,0,0,1,3,1,1,13,2,10,0,1,1,1
3,0,1,0,1,1,1,1,11,6,10,1,1,2,0
3,0,1,0,0,2,1,1,13,5,5,1,0,0,0
3,0,1,0,1,2,1,1,15,5,5,2,1,1,0
2,0,1,0,0,2,1,1,15,5,10,2,0,0,0
2,0,1,0,0,3,1,2,11,5,1,2,0,0,1
3,0,0,0,0,2,1,1,9,8,10,1,1,0,0
2,0,1,1,0,2,1,1,14,5,2,1,1,0,1
1,0,0,0,0,3,2,1,10,6,6,2,0,0,0
1,0,0,0,0,3,1,3,9,1,11,1,1,0,1
2,0,0,0,0,2,1,1,17,7,1,0,1,0,0
2,1,1,1,0,2,1,1,11,5,2,1,0,0,0
2,0,1,0,0,1,1,2,11,5,8,1,1,0,1
2,0,1,0,2,2,1,1,16,5,1,2,1,2,0
2,0,0,0,0,2,1,2,10,7,3,2,1,0,1
3,0,1,1,0,3,1,2,17,5,5,1,0,0,1
2,0,1,0,0,1,1,1,16,5,2,2,0,0,0
1,0,1,0,0,2,1,1,12,5,2,0,0,0,0
2,0,1,0,0,2,1,1,14,11,8,0,2,0,0
2,0,1,0,0,2,1,1,14,5,2,1,0,0,0
3,0,0,0,0,2,1,1,9,7,5,1,1,0,0
3,0,0,1,0,2,1,1,16,1,5,0,1,0,0
3,0,0,0,0,2,1,1,14,6,2,2,1,0,1
1,0,0,0,0,2,1,1,12,7,2,1,2,0,0
1,0,0,0,1,1,1,1,12,1,9,2,1,1,0
3,0,0,0,0,2,1,1,14,4,5,1,1,0,0
2,0,1,0,0,2,1,3,11,5,10,1,0,0,1
2,0,0,0,1,2,1,2,15,7,10,1,1,2,1
1,0,0,0,0,3,1,1,15,5,6,1,1,0,1
2,0,0,0,0,3,1,1,9,11,5,1,1,0,0
3,0,0,0,0,1,1,1,17,8,10,1,1,0,1
2,0,1,0,0,2,1,1,15,2,1,1,1,0,0
3,0,0,0,0,1,1,1,10,8,5,1,1,0,0
3,0,0,0,0,3,1,1,10,5,5,1,1,0,1
2,0,0,1,0,2,1,1,9,7,2,2,2,0,0
2,0,1,0,0,3,1,1,13,7,2,1,1,0,1
2,0,0,0,0,3,1,1,9,6,10,1,1,0,1
2,0,1,0,0,1,1,1,12,5,2,2,0,0,0
3,0,1,0,0,1,1,1,15,3,5,1,1,0,0
3,0,1,0,0,1,1,1,13,5,1,1,0,0,0
3,0,0,0,1,1,1,1,10,4,5,1,1,3,1
2,0,1,1,0,2,1,1,16,7,8,1,1,0,1
2,0,0,0,1,3,1,1,17,2,6,1,1,3,1
3,0,0,0,1,1,1,1,14,8,5,1,1,1,1
3,1,0,0,0,2,1,1,13,7,5,1,1,0,0
3,0,0,0,0,2,1,1,11,2,10,2,1,0,1
3,0,0,0,0,2,1,1,10,12,5,0,1,0,1
3,0,0,0,0,3,1,1,13,11,3,1,2,0,1
1,0,0,0,0,2,1,2,14,6,11,1,0,0,1
1,0,0,0,1,3,1,1,16,9,2,1,1,3,1
1,0,0,1,0,3,1,1,9,7,6,0,1,0,0
3,0,0,0,0,1,1,2,15,8,10,0,1,0,1
2,0,1,1,1,2,1,2,12,11,2,1,1,2,1
3,0,0,0,0,1,1,3,9,11,9,2,1,0,1
2,0,1,0,0,2,1,1,12,8,1,1,1,0,0
3,0,0,1,0,3,1,1,9,7,5,1,2,0,0
3,0,0,0,0,2,1,2,14,12,5,1,1,0,1
3,0,0,0,0,3,1,1,14,3,5,1,1,0,0
3,0,1,0,1,2,1,1,15,4,10,0,1,1,0
2,0,0,1,0,3,1,1,12,7,6,1,1,0,0
2,0,0,0,1,2,1,1,13,8,1,1,1,2,1
3,0,0,0,0,2,1,1,14,11,5,0,1,0,1
2,0,0,0,0,1,1,1,11,7,8,2,1,0,1
1,0,1,0,1,1,1,1,14,5,2,2,1,1,0
3,0,0,0,1,3,1,1,16,8,10,1,1,3,0
2,0,1,1,0,2,1,1,11,5,2,1,1,0,0
2,0,0,0,0,1,1,1,10,2,11,2,1,0,0
2,0,0,1,0,2,1,1,14,7,8,1,1,0,0
2,0,1,0,0,1,1,1,14,4,8,2,1,0,0
2,0,0,0,0,3,1,1,15,1,3,1,2,0,1
2,0,0,0,1,1,1,1,11,7,9,2,1,2,1
3,0,0,0,1,2,1,1,16,10,5,2,2,2,1
2,0,1,1,0,1,1,1,13,5,2,2,0,0,0
1,0,0,0,0,2,1,1,13,6,2,1,0,0,0
3,0,1,0,2,2,1,1,10,5,10,2,1,1,0
3,0,0,0,1,3,1,2,10,8,5,0,1,1,1
2,0,1,0,0,4,1,1,10,10,6,0,1,0,1
3,0,1,0,0,3,1,1,12,5,10,0,0,0,0
1,0,0,0,0,3,1,1,15,6,2,1,1,0,1
1,0,0,0,0,1,1,1,9,4,11,2,1,0,1
2,0,0,0,2,3,1,1,17,8,6,1,1,3,1
2,0,1,0,0,2,1,1,13,6,10,1,0,0,0
2,0,1,1,1,3,1,1,17,11,2,1,1,2,0
3,0,1,0,0,1,1,1,9,11,5,2,1,0,0
1,0,0,0,0,2,1,1,13,4,2,2,0,0,1
2,0,0,0,0,3,1,1,17,5,2,1,1,0,1
2,0,0,0,0,3,1,1,16,6,6,1,0,0,0
2,0,0,0,0,3,1,1,9,8,6,1,1,0,0
2,0,0,0,0,3,1,1,13,6,2,1,0,0,0
2,0,1,0,0,1,1,1,10,5,2,2,0,0,1
2,0,0,1,0,3,1,1,17,2,11,0,1,0,0
2,0,0,0,0,2,1,1,10,8,8,1,1,0,1
2,0,0,0,0,1,1,1,10,4,5,2,1,0,1
2,0,0,1,0,3,1,1,16,7,10,1,0,0,0
2,0,0,0,0,2,1,1,10,7,10,2,2,0,0
2,0,1,0,0,2,1,1,13,11,2,1,1,0,0
2,0,0,0,1,3,1,1,9,3,8,0,1,3,1
2,0,1,0,0,2,1,3,11,11,10,1,1,0,1
3,0,1,0,0,2,1,1,9,8,5,2,1,0,0
2,0,1,0,0,1,1,1,11,5,8,2,0,0,0
3,0,0,0,5,1,1,1,10,10,7,2,1,3,1
3,0,1,0,0,1,1,1,9,5,2,1,0,0,0
2,0,0,0,1,3,1,1,9,9,10,0,1,1,1
3,0,0,0,0,3,1,1,11,8,6,1,1,0,1
2,0,1,1,0,1,1,1,14,5,8,1,0,0,0
2,0,1,1,0,2,1,1,12,7,8,1,1,0,0
2,0,0,0,1,2,1,1,17,5,1,1,1,3,1
3,0,0,0,0,2,1,1,11,6,10,0,0,0,1
2,0,0,0,0,2,1,1,10,4,10,1,0,0,1
3,0,1,0,1,1,1,1,12,10,5,2,1,3,1
3,0,0,0,0,1,1,1,10,8,5,1,1,0,0
3,0,0,0,1,1,1,1,14,10,5,2,1,2,1
1,0,1,1,0,3,1,1,16,5,2,0,0,0,0
3,0,0,0,0,2,1,2,11,8,7,1,1,0,1
2,0,0,0,0,3,1,1,9,5,2,0,1,0,0
1,0,0,0,0,2,1,1,16,6,11,0,0,0,0
2,0,1,0,1,2,1,1,14,9,9,2,0,3,0
1,0,0,0,0,3,1,1,10,7,4,1,2,0,0
3,0,0,0,0,1,1,1,16,6,5,2,1,0,1
2,0,1,0,0,3,1,1,11,5,1,1,1,0,1
3,0,1,1,0,2,1,1,17,7,5,1,1,0,0
3,0,1,0,0,2,1,1,13,11,7,0,1,0,0
3,0,0,0,1,2,1,1,15,11,5,1,1,1,1
1,0,1,0,1,1,1,1,12,5,2,1,1,1,0
1,0,0,0,0,3,1,2,10,8,2,1,1,0,1
2,0,0,0,0,2,1,1,9,6,1,1,0,0,0
3,0,0,0,0,2,1,1,17,7,10,2,1,0,1
2,0,0,0,0,3,1,1,11,8,1,1,1,0,0
2,0,0,0,0,2,1,1,9,8,1,1,1,0,0
2,0,1,1,0,2,1,2,13,5,10,2,0,0,0
2,1,0,0,0,3,1,2,15,1,10,0,1,0,1
1,0,1,0,1,2,1,1,15,4,2,1,1,1,0
3,0,0,0,1,2,1,2,13,4,5,1,1,1,1
2,0,1,0,0,2,1,2,11,11,3,1,1,0,1
2,0,1,1,1,3,1,1,9,7,1,1,1,1,0
3,0,0,0,1,3,1,1,9,11,10,0,1,3,1
2,0,1,0,1,2,1,1,13,4,8,1,1,1,0
2,0,0,0,0,2,1,2,12,7,1,1,1,0,1
2,0,1,0,0,1,1,1,14,6,11,2,1,0,1
3,0,0,0,1,1,1,1,10,7,5,2,1,1,1
2,0,0,0,0,2,1,1,13,2,8,2,1,0,0
2,0,1,0,0,1,1,1,16,1,8,1,1,0,0
3,0,0,0,0,3,1,1,17,3,6,1,1,0,1
1,0,1,0,0,1,1,1,9,5,2,2,1,0,0
3,0,0,0,1,2,1,1,11,11,5,1,1,3,1
2,0,1,1,0,1,1,1,11,5,5,1,1,0,1
3,0,1,0,0,2,1,2,9,7,5,1,1,0,0
2,0,1,0,0,1,1,1,16,5,2,1,0,0,0
2,0,1,0,0,2,1,1,12,1,2,1,1,0,0
2,0,0,1,0,2,1,1,17,6,10,1,0,0,0
3,0,0,0,1,3,1,1,14,5,6,0,1,3,1
3,0,1,0,1,1,1,1,17,5,9,2,1,1,0
3,0,1,0,0,1,1,1,9,5,5,2,1,0,1
3,0,1,0,1,2,1,1,13,2,5,0,1,2,0
3,0,0,0,0,1,1,1,12,8,5,2,1,0,1
2,0,1,1,1,1,1,1,15,8,10,1,1,1,0
2,0,0,0,1,2,1,1,15,10,10,2,1,3,1
2,0,1,0,0,1,1,1,14,5,10,1,1,0,0
2,0,0,0,0,1,1,1,13,7,10,2,0,0,1
3,0,0,0,0,2,1,1,14,11,3,1,1,0,0
2,0,0,0,0,3,1,1,15,11,1,1,1,0,0
3,0,1,0,0,2,1,1,15,8,5,1,1,0,0
2,0,1,0,0,2,1,1,17,8,10,1,1,0,0
0,0,0,0,1,2,1,1,16,10,0,2,1,3,1
3,0,1,1,0,3,1,1,9,5,5,1,0,0,0
2,0,1,0,0,2,1,1,10,5,10,1,0,0,0
2,0,0,0,0,3,1,1,17,6,10,1,0,0,0
1,0,1,0,0,3,1,1,15,8,6,1,1,0,1
2,0,1,0,1,2,1,1,15,2,2,1,1,1,1
2,0,1,0,1,2,1,1,9,4,10,1,1,3,0
2,0,1,0,0,2,1,1,17,4,2,1,1,0,1
3,0,0,0,0,2,1,1,11,11,5,0,1,0,0
2,0,1,0,0,1,1,1,15,5,10,1,0,0,0
3,0,0,0,0,1,1,1,14,5,1,0,1,0,1
3,0,1,0,0,2,1,1,13,6,5,2,0,0,0
2,0,1,0,0,2,1,1,9,7,2,1,1,0,1
3,0,0,0,0,2,1,1,17,6,7,1,0,0,1
2,0,0,0,0,1,1,1,14,9,11,2,1,0,0
1,0,1,0,0,3,1,1,12,7,2,1,1,0,0
3,0,1,0,0,2,1,1,12,3,5,0,1,0,1
2,0,1,0,0,2,1,1,9,5,8,2,0,0,0
1,0,1,0,0,2,1,1,9,5,2,1,0,0,0
2,0,0,1,0,2,1,2,13,7,2,1,1,0,1
3,0,0,0,0,2,1,1,14,10,2,2,1,0,0
1,0,0,0,0,2,1,1,9,6,2,1,0,0,0
2,0,0,1,0,2,1,1,9,7,10,1,1,0,0
2,1,0,1,0,2,1,1,17,7,2,1,1,0,1
2,0,1,1,0,2,1,2,15,7,1,1,1,0,1
3,0,0,0,0,1,1,1,9,7,3,1,1,0,1
2,0,1,0,0,3,1,1,11,6,1,1,0,0,0
3,0,1,0,0,2,1,1,16,5,7,1,1,0,0
2,0,0,0,0,2,1,1,10,7,8,1,2,0,0
2,0,0,0,0,4,1,2,11,2,10,1,1,0,1
1,0,0,0,1,3,1,1,13,8,2,1,1,3,1
2,0,1,0,0,2,1,1,12,6,2,1,0,0,0
2,0,1,0,0,2,1,1,15,6,3,1,0,0,0
3,0,0,0,0,3,1,1,17,11,4,1,1,0,0
2,0,0,0,1,2,1,1,16,2,11,0,1,3,1
3,0,0,0,1,2,1,1,15,7,5,2,1,2,1
2,0,0,0,0,3,1,1,14,8,10,1,1,0,0
2,0,1,0,0,3,1,2,9,5,10,1,0,0,0
3,0,0,0,0,2,1,1,11,8,5,1,1,0,0
1,0,1,0,0,3,1,1,12,7,4,0,1,0,0
2,1,1,0,0,2,1,1,9,7,2,1,1,0,0
2,0,1,0,0,1,1,1,12,2,2,1,1,0,0
2,1,0,1,0,2,1,1,17,7,5,1,1,0,0
3,0,0,0,0,3,1,2,10,6,7,0,0,0,1
2,0,1,1,0,1,1,1,13,5,8,1,0,0,0
3,0,0,0,0,1,1,2,15,8,5,2,1,0,1
2,0,0,0,3,3,1,1,10,10,6,0,1,3,1
2,0,0,0,0,2,1,1,17,8,2,1,1,0,0
3,0,0,0,1,1,1,1,16,9,9,2,1,1,1
2,0,1,0,1,2,1,1,10,2,8,1,1,1,0
3,0,0,0,0,2,1,1,15,7,3,1,1,0,0
2,0,0,1,0,1,1,4,12,7,2,2,1,0,1
2,0,0,0,0,3,1,1,11,11,11,1,1,0,0
2,0,0,0,0,1,1,1,17,6,1,1,0,0,0
2,0,1,0,0,2,1,1,15,4,2,1,1,0,0
2,0,0,1,0,2,1,1,14,6,8,1,0,0,0
3,0,1,0,0,2,1,1,10,7,1,2,1,0,0
2,0,0,0,0,1,1,1,12,6,9,2,1,0,0
3,0,1,0,1,1,1,1,14,6,7,2,1,3,1
3,0,0,0,0,1,1,1,13,5,1,2,1,0,0
2,0,1,0,1,1,1,2,12,5,8,2,1,1,1
3,0,0,1,0,2,1,1,9,6,3,0,0,0,0
3,0,0,0,0,2,1,1,15,8,5,1,1,0,0
3,0,1,0,1,1,1,1,12,10,5,2,1,1,0
3,0,0,0,0,2,1,1,14,4,5,1,1,0,1
3,0,0,0,0,2,1,1,10,7,5,1,1,0,1
3,0,0,0,0,2,1,1,15,8,10,2,1,0,0
3,0,1,0,0,2,1,1,9,5,3,1,0,0,0
2,0,0,0,1,1,1,1,13,8,9,2,1,3,1
3,0,1,0,1,1,1,1,14,5,5,2,1,1,0
2,0,0,0,0,1,1,1,12,4,9,2,1,0,1
2,0,0,0,0,3,1,1,11,2,6,1,1,0,0
3,0,0,0,0,1,1,1,9,1,5,1,1,0,0
2,0,0,0,0,1,1,1,15,4,9,2,2,0,1
3,0,1,0,0,2,1,1,15,2,5,1,1,0,0
2,0,0,0,0,1,1,1,15,8,10,2,1,0,0
2,0,1,1,0,2,1,1,17,10,1,0,2,0,1
2,0,1,0,5,3,1,1,14,1,8,0,1,2,1
2,0,1,0,1,2,1,1,17,11,2,1,2,1,0
3,0,1,0,0,3,1,1,13,11,5,0,1,0,0
2,0,1,0,1,2,1,1,17,5,10,2,1,1,0
2,0,0,0,1,1,1,1,15,11,8,1,1,1,1
2,0,1,0,0,1,1,1,17,5,2,2,0,0,0
3,0,0,0,0,1,1,1,10,8,7,1,1,0,1
2,0,1,0,1,3,1,1,17,4,1,0,1,2,0
2,0,1,0,2,2,1,1,9,2,2,1,1,3,1
2,0,0,0,0,1,1,1,13,7,7,2,1,0,0
2,0,1,0,0,3,1,1,10,5,10,1,0,0,0
3,0,1,0,1,1,1,1,15,11,10,2,1,1,0
1,0,0,0,1,4,2,1,16,3,6,1,1,2,1
2,0,1,0,0,1,1,1,17,5,5,2,0,0,0
2,0,0,0,1,1,1,1,13,8,2,2,1,3,1
2,0,1,0,0,2,1,1,14,4,2,1,1,0,0
2,0,0,0,0,3,1,2,12,8,5,1,1,0,1
3,0,0,0,0,2,1,2,9,8,5,0,1,0,1
2,0,1,0,0,1,1,1,12,6,2,2,0,0,1
3,0,1,0,1,3,1,1,14,6,5,1,1,3,1
2,0,0,0,0,1,1,1,13,7,9,2,1,0,1
2,0,1,0,0,1,1,2,12,4,10,2,1,0,1
2,0,1,0,0,2,1,1,15,5,1,1,1,0,1
2,0,1,0,0,2,1,1,12,7,2,2,1,0,1
2,0,0,0,0,2,1,2,13,6,8,0,0,0,1
2,0,1,0,0,1,1,1,16,5,2,1,0,0,0
2,0,0,0,0,3,1,1,16,7,10,1,1,0,1
3,0,1,0,0,1,1,1,12,7,10,2,1,0,0
2,0,1,0,0,1,1,1,17,5,8,0,0,0,0
2,0,1,0,0,1,1,1,15,7,10,2,1,0,0
2,0,0,0,1,2,1,1,16,10,10,2,1,2,0
2,0,0,0,0,2,1,1,16,10,10,1,1,0,1
3,0,1,0,0,2,1,1,14,4,5,2,1,0,1
2,0,0,0,0,2,1,1,15,7,8,1,1,0,0
2,0,1,0,0,1,1,1,17,5,10,1,1,0,1
2,0,1,0,0,2,1,1,11,7,2,0,1,0,0
2,0,1,0,0,1,1,1,14,5,7,1,1,0,0
3,0,0,0,0,3,1,1,15,8,6,1,1,0,0
2,0,0,0,0,1,1,1,14,11,10,2,1,0,0
2,0,1,0,0,2,1,1,16,5,2,2,0,0,0
3,0,1,0,0,2,1,1,13,6,2,1,0,0,0
1,0,1,0,0,2,1,1,12,5,2,2,0,0,0
2,0,1,0,1,1,1,1,15,6,5,1,1,1,0
2,0,1,0,0,2,1,2,12,7,1,1,2,0,1
2,0,1,0,0,2,1,1,11,5,2,1,0,0,0
2,0,0,0,0,1,1,1,14,1,9,2,1,0,0
1,0,1,0,0,3,1,1,10,4,2,1,1,0,0
3,0,0,0,0,2,1,1,13,5,5,2,1,0,1
1,0,1,0,0,3,1,1,17,5,5,1,0,0,0
2,0,0,0,0,2,1,1,9,7,8,1,1,0,0
2,0,1,0,0,1,1,1,9,5,2,2,1,0,0
2,0,1,1,1,1,1,1,14,2,10,2,1,2,0
2,0,0,1,0,3,1,2,17,2,2,0,1,0,1
2,0,0,1,0,3,1,1,12,7,10,0,1,0,0
3,0,0,0,0,2,1,1,9,5,10,2,1,0,0
2,0,1,0,0,1,1,1,14,4,11,2,1,0,0
2,0,1,0,0,1,1,1,17,11,8,2,1,0,1
2,0,1,0,1,2,1,1,11,2,1,0,1,1,0
2,0,0,0,1,1,1,2,13,2,9,2,1,1,1
2,0,0,0,1,3,1,1,13,4,6,1,1,3,1
2,0,0,0,0,2,1,1,17,6,2,1,0,0,0
2,0,0,0,0,1,1,1,14,1,1,2,1,0,0
3,0,0,0,0,2,1,1,14,8,10,1,1,0,0
2,0,1,0,0,3,1,1,13,8,8,1,1,0,0
2,0,0,0,0,2,1,1,11,2,10,0,1,0,0
2,0,1,0,0,2,1,1,10,4,8,1,1,0,0
2,0,0,0,0,3,1,2,16,11,6,1,1,0,1
2,0,0,0,0,2,1,1,15,8,10,1,1,0,0
3,0,1,1,0,1,1,1,14,5,10,2,1,0,1
2,0,1,0,0,3,1,1,12,5,1,1,0,0,0
3,0,1,0,1,2,1,1,15,5,4,1,1,1,1
2,0,0,0,0,2,1,1,12,6,2,2,0,0,0
1,0,1,1,0,1,1,2,14,11,8,2,1,0,1
2,0,0,0,0,2,1,1,16,12,8,1,1,0,1
2,0,1,0,0,1,1,1,17,5,2,2,1,0,1
2,0,0,0,1,1,1,1,15,8,1,1,1,1,0
1,0,1,1,0,3,1,2,16,5,2,1,0,0,1
1,0,1,0,0,2,1,1,17,6,11,1,0,0,0
3,0,0,0,0,1,1,1,12,4,5,1,1,0,1
2,0,0,0,0,3,1,1,14,6,11,0,0,0,0
2,0,1,0,0,1,1,1,14,5,10,1,0,0,0
3,0,1,0,0,1,1,1,16,1,5,2,1,0,0
2,0,0,1,0,2,1,1,17,10,2,0,2,0,0
2,0,1,0,0,1,1,1,9,11,1,2,1,0,1
2,0,1,0,0,2,1,1,14,2,2,1,1,0,0
1,0,1,0,3,3,1,2,14,5,2,0,1,1,1
3,0,1,0,0,2,1,1,17,5,5,1,1,0,1
3,0,1,0,0,1,1,1,11,7,1,2,1,0,1
2,0,1,0,0,1,1,1,16,7,1,0,1,0,1
2,0,0,0,1,4,1,1,13,4,6,1,1,1,0
3,0,0,0,0,1,1,1,14,8,5,2,1,0,0
2,0,1,1,3,2,1,2,12,5,8,0,1,1,1
2,0,1,0,1,1,1,1,16,4,8,1,1,1,0
2,0,0,0,0,2,1,1,17,9,1,1,1,0,1
3,0,1,0,1,2,1,1,11,5,5,2,1,3,0
3,0,1,0,0,3,1,1,9,7,5,1,2,0,0
1,0,1,0,0,2,1,1,13,5,2,1,1,0,0
3,0,0,1,0,2,1,2,17,7,5,2,1,0,1
1,0,0,0,0,4,1,1,17,11,6,0,1,0,1
2,0,1,0,0,3,1,2,10,5,11,0,0,0,1
3,0,1,0,0,2,1,1,14,7,5,0,1,0,0
3,0,1,0,0,1,1,2,9,5,5,1,1,0,1
2,0,1,1,1,1,1,1,17,4,2,2,1,1,1
2,0,1,0,1,1,1,3,13,2,1,2,1,1,1
3,0,0,0,0,3,2,1,12,11,5,1,2,0,0
3,0,1,0,0,1,1,1,15,7,5,2,1,0,1
2,0,0,0,0,3,1,1,9,3,6,1,1,0,0
1,0,1,0,0,1,1,1,15,5,2,1,1,0,0
1,0,1,0,0,3,1,1,10,5,2,0,0,0,0
3,0,1,0,0,2,1,1,15,5,5,1,0,0,1
2,0,1,0,2,1,1,1,12,9,10,2,1,3,1
3,0,0,0,0,3,1,1,13,8,5,0,1,0,0
3,0,0,0,0,1,1,1,10,8,5,1,1,0,1
3,0,0,0,1,1,1,1,14,12,4,2,1,3,1
2,0,1,0,0,1,1,1,16,5,1,1,1,0,0
2,0,1,0,0,2,1,1,16,5,10,2,1,0,1
2,0,0,1,0,2,1,1,13,7,1,1,2,0,1
3,0,0,0,1,2,1,1,14,5,5,2,1,2,0
3,0,1,0,1,1,1,1,10,9,1,2,1,3,1
2,0,1,0,1,1,1,1,16,11,8,1,1,1,1
3,0,0,0,0,3,1,1,16,8,10,1,1,0,0
2,0,1,0,0,2,1,1,17,4,2,1,2,0,0
1,0,1,0,0,2,1,1,12,5,2,1,0,0,0
1,0,0,0,0,2,1,1,15,8,2,1,1,0,0
3,0,1,0,0,2,1,1,10,7,5,1,1,0,0
1,0,1,0,0,2,1,1,15,7,4,1,1,0,0
3,0,0,0,0,1,1,3,13,8,10,2,1,0,1
1,0,0,0,0,3,1,1,17,8,2,1,1,0,0
3,0,0,0,0,1,1,1,14,8,5,0,1,0,0
3,0,1,1,0,2,1,1,14,5,5,1,2,0,0
2,0,1,0,0,2,1,1,17,5,10,2,1,0,0
2,0,1,0,0,2,1,2,17,4,2,1,1,0,0
2,0,0,0,0,1,1,1,14,5,9,2,0,0,0
2,0,0,1,1,2,1,1,16,2,10,1,1,1,0
2,0,1,0,0,2,1,1,12,4,10,1,1,0,1
2,0,1,0,0,2,1,1,14,7,5,1,1,0,0
2,0,1,1,0,2,1,1,10,11,11,0,1,0,0
2,0,1,0,0,1,1,1,12,5,2,2,0,0,0
3,0,0,0,0,2,1,1,14,7,5,1,1,0,1
2,0,0,0,1,4,1,1,15,4,6,1,1,2,1
2,0,0,0,0,1,1,2,12,6,2,2,0,0,1
3,0,0,0,0,2,1,2,11,11,5,1,1,0,1
3,0,0,0,0,1,1,1,16,8,1,1,1,0,0
3,0,0,0,0,2,1,2,13,4,1,1,1,0,1
3,0,1,0,0,2,1,1,14,7,5,1,1,0,1
1,0,1,0,0,1,1,2,11,5,2,2,1,0,1
3,0,1,0,1,2,1,1,17,5,5,2,1,2,0
2,0,0,0,0,1,1,1,16,6,9,2,1,0,1
2,0,1,0,0,3,1,1,14,6,10,2,0,0,0
3,0,0,0,0,1,1,1,12,2,5,2,1,0,1
2,0,1,0,1,2,1,1,9,3,10,1,1,3,0
2,0,1,0,0,1,1,1,17,5,1,1,0,0,0
3,0,1,1,0,2,1,1,10,7,5,1,1,0,0
2,0,1,0,0,2,1,1,16,11,3,1,1,0,0
2,0,0,0,0,1,1,1,13,8,9,2,1,0,1
2,0,1,0,0,2,1,1,16,5,10,2,0,0,0
3,0,1,0,0,2,1,1,15,7,3,1,1,0,0
3,0,0,0,0,2,1,1,14,8,3,1,2,0,1
1,0,1,0,0,2,1,1,17,5,2,1,0,0,0
2,0,0,0,0,3,1,2,10,5,1,1,0,0,0
1,0,1,0,1,2,1,2,15,5,2,1,1,1,1
2,0,1,1,0,1,1,1,15,7,2,1,1,0,0
3,0,1,0,0,1,1,1,15,5,3,1,0,0,0
1,0,0,0,0,3,1,1,9,8,2,1,1,0,0
3,0,1,0,1,1,1,1,9,4,5,2,1,3,1
2,0,1,0,0,2,1,1,14,4,2,1,1,0,0
2,0,0,0,1,2,1,2,14,6,2,1,1,1,1
3,0,1,0,0,2,1,1,9,5,5,0,0,0,0
2,0,1,0,0,2,1,1,9,11,10,1,1,0,0
1,0,0,0,0,3,1,1,13,8,2,1,1,0,1
1,0,0,0,0,3,1,1,11,8,0,1,1,0,0
1,0,1,0,0,2,1,1,15,11,2,1,1,0,0
3,0,0,0,0,3,1,1,16,8,5,1,1,0,0
3,0,0,0,0,3,2,2,17,2,5,1,1,0,0
3,0,0,0,0,2,1,1,16,9,5,1,1,0,1
2,0,0,0,0,2,1,1,15,5,10,2,0,0,0
1,0,0,1,1,3,1,1,12,2,2,1,2,1,0
2,0,1,0,1,3,1,1,13,5,8,2,1,1,0
3,0,1,0,0,2,1,1,11,6,5,0,0,0,0
1,0,1,1,0,1,1,2,17,7,2,1,1,0,1
2,0,0,0,0,2,1,1,12,4,9,2,1,0,1
3,0,0,0,0,2,1,1,15,8,5,1,1,0,0
2,0,0,0,0,2,1,1,17,8,10,1,1,0,0
2,0,0,0,1,1,1,1,12,5,10,2,1,1,1
2,0,0,0,0,2,1,1,9,4,10,2,1,0,1
1,0,1,1,0,1,1,2,13,5,2,2,1,0,1
2,0,1,0,0,3,1,2,13,7,7,1,1,0,1
2,0,0,0,1,2,1,3,12,2,8,1,1,3,1
2,0,1,0,1,1,1,1,16,5,10,2,1,3,0
2,0,0,0,0,3,1,1,9,5,1,2,0,0,0
2,0,1,0,0,2,1,1,12,6,2,1,0,0,0
1,0,1,0,0,2,1,1,16,5,2,1,0,0,1
3,0,1,0,1,2,1,2,10,5,5,1,1,3,1
2,0,1,0,0,3,1,3,11,4,8,1,1,0,1
1,0,0,0,0,1,1,1,15,7,2,0,1,0,0
2,0,0,0,0,3,1,1,14,8,5,0,1,0,1
1,0,1,0,1,2,1,1,16,2,2,1,1,2,0
2,0,0,0,0,3,1,1,16,7,1,2,0,0,1
3,0,1,0,0,3,1,2,9,5,5,1,0,0,0
2,0,1,0,0,2,1,2,11,5,10,2,0,0,1
2,0,1,0,0,1,1,1,12,5,1,1,1,0,0
1,0,0,0,0,3,1,1,10,7,2,1,2,0,0
1,0,1,0,0,3,1,2,15,5,2,1,0,0,1
3,0,0,0,0,2,1,1,9,8,5,1,1,0,0
3,0,0,0,0,2,1,2,10,6,5,2,0,0,1
2,0,1,0,0,2,1,1,10,7,2,2,1,0,0
2,0,0,0,1,1,1,1,13,2,2,2,1,3,1
2,0,1,1,0,2,1,1,15,5,8,0,1,0,0
3,0,0,0,0,1,1,1,12,8,11,1,1,0,0
2,0,1,1,0,1,1,1,15,5,10,1,1,0,0
1,0,1,0,1,2,1,1,12,5,1,1,1,1,0
3,0,0,0,0,1,1,2,15,9,5,2,1,0,1
1,0,1,1,0,2,1,2,12,5,2,0,1,0,1
2,0,0,0,1,4,1,2,11,11,6,1,1,3,1
2,0,0,1,0,2,1,1,17,1,8,2,2,0,0
2,0,1,0,5,2,1,1,14,12,3,0,1,3,0
2,0,0,0,1,3,1,1,16,1,6,1,1,3,1
2,0,0,0,0,2,1,2,13,7,2,1,1,0,1
3,0,0,0,0,1,1,1,15,11,7,2,1,0,1
3,0,1,0,0,1,1,1,11,3,5,2,1,0,1
2,0,0,1,0,1,1,2,12,11,0,2,1,0,0
1,0,1,0,0,2,1,1,13,5,2,1,0,0,0
1,0,0,0,0,3,1,1,9,11,11,2,1,0,1
1,0,1,0,0,1,1,2,10,11,2,1,1,0,1
3,0,0,0,0,1,1,1,10,4,4,2,1,0,1
3,0,0,0,0,1,1,2,11,5,5,1,0,0,1
2,0,0,0,0,3,1,1,16,4,6,0,1,0,1
3,0,0,0,1,2,1,1,14,1,5,1,1,3,1
3,0,0,0,0,2,1,1,10,7,3,1,1,0,0
2,0,0,0,0,2,1,1,15,11,4,1,1,0,1
2,0,0,0,0,2,1,1,12,6,8,1,0,0,0
1,0,0,0,0,4,1,1,13,2,6,1,1,0,1
3,0,0,0,0,1,1,1,16,3,10,2,1,0,1
2,0,1,0,0,1,1,1,13,5,2,1,1,0,0
1,0,1,0,0,3,1,1,9,5,6,1,0,0,0
3,0,1,0,0,1,1,3,15,11,10,2,1,0,1
1,0,1,1,0,2,1,2,17,5,2,1,1,0,1
1,0,0,0,0,3,1,1,9,7,6,1,2,0,0
2,0,0,0,0,2,1,1,13,6,2,2,0,0,0
3,0,0,0,0,3,1,1,15,7,3,1,1,0,0
1,0,0,0,0,2,1,1,9,6,6,1,0,0,0
2,0,1,1,0,1,1,1,13,8,5,2,1,0,0
2,0,0,0,0,2,1,3,10,8,10,1,1,0,1
3,0,0,0,0,2,1,1,16,5,7,2,1,0,1
2,0,1,0,0,1,1,1,12,1,1,2,1,0,0
3,0,1,0,0,2,1,1,11,5,1,1,1,0,1
3,0,0,0,1,1,1,1,17,4,5,2,1,1,1
3,1,1,1,0,2,1,1,10,6,5,1,0,0,0
3,0,1,0,0,2,1,1,16,6,5,1,0,0,1
2,0,1,1,1,2,1,1,10,5,5,2,1,1,0
1,0,0,0,0,2,1,1,15,7,2,1,0,0,0
2,0,0,0,0,3,1,1,14,2,1,1,1,0,1
2,0,0,0,0,1,1,1,14,2,2,2,1,0,0
3,0,0,1,0,3,1,1,12,8,3,1,1,0,0
2,0,1,0,0,3,1,2,13,4,2,1,1,0,0
3,0,0,0,0,3,1,1,11,2,5,1,1,0,1
1,0,1,0,0,2,1,1,11,5,2,1,0,0,0
3,0,0,0,0,1,1,2,12,9,5,2,1,0,1
3,0,1,0,0,2,1,2,10,7,1,1,1,0,1
3,0,0,0,0,2,1,1,11,7,5,1,1,0,0
2,0,1,1,0,2,1,1,16,5,1,1,0,0,0
3,0,0,0,0,3,1,1,10,6,5,1,1,0,1
2,0,1,1,0,1,1,2,13,5,2,2,0,0,1
2,0,1,1,0,1,1,1,9,5,1,1,0,0,0
3,0,0,0,0,1,1,1,16,6,5,2,1,0,1
3,0,0,0,2,4,1,1,12,8,6,1,1,3,1
3,0,1,1,0,1,1,1,17,7,5,1,1,0,0
3,0,1,0,0,3,1,1,16,11,5,1,1,0,0
2,0,1,0,0,1,1,1,15,12,10,1,1,0,1
2,0,0,1,0,1,1,1,14,7,10,2,1,0,0
2,0,1,0,0,2,1,1,12,5,10,1,0,0,0
2,0,0,1,0,3,1,1,15,7,10,0,1,0,0
2,0,1,0,0,1,1,1,16,6,5,1,0,0,1
2,0,0,0,0,1,1,1,9,1,7,2,1,0,0
1,0,0,0,0,3,1,1,11,6,6,1,0,0,0
3,0,1,1,1,3,1,1,9,11,5,1,1,1,0
2,0,0,0,0,2,1,1,15,2,1,1,1,0,0
2,0,1,0,0,1,1,1,11,5,10,1,0,0,0
3,0,1,0,0,2,1,1,17,5,5,2,0,0,0
2,0,0,0,0,2,1,1,9,5,8,1,1,0,0
2,0,1,0,0,2,1,1,11,11,1,1,1,0,0
2,0,1,0,1,1,1,1,15,11,1,0,1,2,0
2,0,0,0,0,2,1,1,10,7,10,1,1,0,0
2,0,1,0,0,2,1,1,16,7,1,1,1,0,0
3,0,1,0,0,1,1,1,10,5,5,2,0,0,0
1,0,1,1,0,2,1,1,16,5,2,1,0,0,0
3,0,0,0,0,4,1,1,17,2,6,1,1,0,1
2,0,1,0,0,2,1,3,13,5,10,2,0,0,1
2,0,1,0,0,2,1,1,15,5,10,2,0,0,0
1,0,0,0,0,3,1,2,9,10,0,1,1,0,1
1,0,1,0,0,3,1,2,17,7,4,1,1,0,1
2,0,1,0,0,2,1,4,16,5,2,0,0,0,1
2,0,1,0,0,1,1,2,15,5,1,2,1,0,1
2,0,0,0,0,2,1,1,14,7,8,2,2,0,0
2,0,0,1,0,3,1,1,14,7,3,1,1,0,0
2,0,0,0,1,1,1,1,11,2,9,2,1,3,1
2,0,1,0,2,1,1,3,14,11,11,1,1,1,1
2,0,0,0,0,3,1,1,14,8,2,1,1,0,0
2,0,1,1,1,2,1,1,13,5,8,1,1,1,1
3,0,1,0,1,3,1,1,17,11,5,1,1,1,0
1,0,1,0,0,2,1,1,11,4,2,1,1,0,0
2,0,1,1,0,1,1,1,16,6,8,1,0,0,0
2,0,1,0,1,2,1,1,13,8,2,1,1,1,1
1,0,1,0,0,2,1,1,16,5,2,1,1,0,0
3,0,1,1,0,2,1,1,12,7,5,0,1,0,0
1,0,0,0,0,3,1,2,14,8,4,1,1,0,1
3,0,0,0,1,2,1,1,15,11,4,0,1,2,0
3,0,1,0,2,2,1,1,12,2,5,1,1,1,1
2,0,0,0,0,3,1,1,10,6,1,0,1,0,1
2,0,1,0,1,2,1,1,17,1,11,0,1,2,0
3,0,0,0,0,2,1,1,10,8,5,1,1,0,0
2,0,1,1,0,3,1,1,9,6,8,1,0,0,0
2,0,1,1,0,2,1,1,17,7,10,1,0,0,0
2,0,1,0,1,2,1,1,10,11,2,1,1,3,1
2,0,0,0,0,2,1,1,12,8,10,2,1,0,0
2,0,1,0,0,2,1,1,12,10,1,1,1,0,0
3,0,1,0,0,3,1,1,17,2,5,1,1,0,1
1,0,0,0,0,3,1,1,14,6,4,1,0,0,0
2,0,0,0,0,3,1,1,16,6,6,0,1,0,1
2,0,0,0,1,2,1,1,16,6,8,1,1,3,1
2,1,0,1,0,2,1,1,10,7,1,2,1,0,0
2,0,1,1,1,2,1,1,13,5,1,0,1,3,1
3,0,0,0,0,1,1,1,10,2,5,2,1,0,1
2,0,1,0,0,3,1,1,10,10,6,1,1,0,1
2,0,0,0,1,2,1,1,11,5,1,0,1,3,1
2,0,0,0,0,3,1,1,9,1,2,1,1,0,0
3,0,1,0,0,1,1,1,9,7,5,2,1,0,0
2,0,0,1,0,3,1,1,14,7,8,1,0,0,0
2,0,1,0,1,2,1,1,14,11,1,1,1,1,0
2,0,0,0,0,1,1,2,16,7,10,2,1,0,1
3,0,0,1,0,3,1,1,11,7,5,1,1,0,0
2,0,1,0,0,2,1,1,14,5,10,1,0,0,0
2,0,0,1,0,1,1,1,9,8,10,1,1,0,0
1,0,0,0,0,3,1,1,16,9,6,1,1,0,1
3,0,1,0,0,2,1,3,10,6,2,2,0,0,1
3,0,0,0,0,2,1,1,10,2,5,1,1,0,1
3,0,0,0,1,3,1,1,16,1,5,1,1,1,1
1,0,0,0,1,3,1,1,10,7,6,1,2,3,1
1,0,0,0,0,2,1,1,16,7,2,1,1,0,0
2,0,0,0,0,3,1,1,14,12,1,1,1,0,1
2,0,1,0,0,2,1,2,16,5,2,2,0,0,1
3,0,0,0,0,2,1,1,9,10,10,1,1,0,1
2,0,1,0,1,2,1,1,11,2,10,1,1,3,0
3,0,0,0,1,2,1,3,17,9,10,1,1,3,1
2,0,1,0,0,3,1,1,17,6,6,1,1,0,1
2,0,0,0,0,1,1,1,9,6,4,2,1,0,1
3,0,1,0,1,2,1,1,10,4,5,1,1,1,0
3,0,0,0,1,1,1,1,15,7,11,2,1,2,1
2,0,0,0,0,3,1,1,15,5,10,1,0,0,0
2,0,1,0,0,3,1,1,16,5,2,1,1,0,0
2,0,1,0,0,1,1,1,12,4,9,2,1,0,0
2,0,1,1,2,1,1,2,10,5,10,2,1,1,1
1,0,0,0,0,3,1,1,17,2,6,1,1,0,1
2,0,1,0,0,1,1,1,14,7,1,1,1,0,0
2,0,1,0,1,2,1,1,15,5,2,1,1,1,0
2,0,0,0,0,3,1,1,17,6,1,0,0,0,0
1,0,0,0,0,3,1,2,9,6,4,1,0,0,1
2,0,1,1,0,2,1,3,9,7,3,1,1,0,1
3,0,0,0,0,3,1,1,17,8,5,1,1,0,0
3,0,1,1,0,2,1,1,10,5,5,1,2,0,0
2,0,1,0,0,1,1,1,12,5,2,1,0,0,0
2,0,1,1,0,2,1,1,17,11,1,1,1,0,0
3,0,1,0,0,2,1,1,11,8,5,1,1,0,0
2,0,0,0,0,2,1,1,12,8,10,1,1,0,0
2,0,1,0,1,2,1,1,12,11,8,0,1,1,0
3,0,1,0,0,2,1,1,11,7,5,1,1,0,0
1,0,1,0,1,2,1,1,10,11,10,2,1,2,0
1,0,1,0,0,2,1,1,17,7,6,1,2,0,0
2,0,0,0,0,1,1,1,11,2,1,2,1,0,0
1,0,0,0,0,3,1,1,15,4,2,1,1,0,1
3,0,0,0,1,1,1,1,9,8,5,2,1,1,0
3,0,0,0,0,1,1,1,13,8,10,2,1,0,0
2,0,0,0,0,2,1,1,17,6,8,1,0,0,0
2,0,0,0,1,3,1,1,13,8,11,1,1,3,1
2,0,0,0,0,2,1,1,13,6,2,2,0,0,0
2,0,1,1,0,2,1,1,16,5,2,1,0,0,0
3,0,0,0,0,2,1,1,9,6,5,1,0,0,0
3,0,1,0,1,1,1,1,10,9,5,2,1,3,1
1,0,1,0,0,3,1,2,9,5,2,0,0,0,1
1,0,1,0,0,3,1,1,14,5,5,1,0,0,0
2,0,0,1,0,3,1,1,12,7,6,0,1,0,0
2,0,0,1,0,2,1,1,13,8,10,2,1,0,0
3,0,0,0,1,3,1,1,9,4,6,0,1,1,0
2,0,1,1,1,2,1,1,12,11,10,0,1,2,1
2,0,1,0,0,2,1,2,9,5,2,2,0,0,0
3,0,0,0,0,1,1,1,10,8,10,2,1,0,0
3,0,0,0,0,1,1,1,9,2,5,2,1,0,0
3,0,1,1,1,2,1,1,12,2,10,1,1,1,1
3,0,0,1,0,3,1,1,16,8,5,1,1,0,0
2,0,1,0,0,2,1,1,12,7,1,1,1,0,0
2,0,1,0,0,1,1,1,14,5,1,0,1,0,0
3,0,1,1,0,1,1,1,10,6,5,2,0,0,0
2,0,1,0,0,3,1,1,12,5,2,1,0,0,0
3,0,1,0,0,2,1,1,17,8,5,1,1,0,0
2,0,1,0,0,1,1,1,9,5,2,1,0,0,0
2,0,1,0,0,1,1,1,16,7,10,0,1,0,0
3,0,0,1,0,1,1,1,11,4,5,2,1,0,1
2,0,1,0,0,1,1,2,13,8,10,1,1,0,1
2,0,1,0,0,3,1,2,10,8,10,1,1,0,1
2,0,0,0,1,1,1,1,15,8,1,2,1,1,1
1,0,1,0,1,2,1,1,13,5,2,2,1,1,1
2,0,1,0,0,1,1,1,15,5,10,2,0,0,1
2,0,1,1,0,2,1,1,15,6,1,1,0,0,0
2,0,1,0,0,1,1,1,14,6,1,2,0,0,0
1,1,0,0,0,3,1,1,12,6,10,1,0,0,0
3,0,1,0,0,2,1,1,17,5,3,1,1,0,0
2,0,1,0,0,1,1,1,14,6,2,1,0,0,0
2,0,0,0,2,3,1,1,11,8,6,0,1,2,1
1,0,1,0,0,3,1,2,16,7,2,2,1,0,1
3,0,0,0,2,2,1,1,16,8,10,2,2,2,0
3,0,0,0,0,3,1,1,13,8,7,1,1,0,0
3,0,0,0,0,2,1,2,15,11,5,1,1,0,1
3,0,0,0,0,3,1,1,10,11,5,2,1,0,0
1,0,1,0,0,2,1,1,9,5,2,0,1,0,0
3,0,0,0,0,2,1,1,17,2,1,2,1,0,0
1,0,1,0,0,2,1,1,9,5,1,1,0,0,0
3,0,1,0,2,2,1,2,14,5,5,1,1,2,0
3,0,1,0,0,2,1,1,12,7,3,1,1,0,0
2,0,0,0,1,2,1,1,11,9,2,1,1,3,1
3,0,0,1,0,2,1,1,17,8,10,0,1,0,0
2,0,1,0,0,1,1,1,12,5,1,1,1,0,0
1,0,0,0,0,2,1,1,16,7,2,1,1,0,0
3,0,0,0,0,1,1,2,14,8,5,1,1,0,1
2,0,1,0,0,2,1,1,15,6,10,0,0,0,0
2,0,0,0,0,3,1,1,12,8,11,1,1,0,1
1,0,1,0,0,1,1,1,11,5,2,2,0,0,0
3,0,0,0,1,1,1,1,11,10,5,2,1,3,1
1,0,0,0,1,4,1,1,13,8,6,1,2,3,0
2,0,1,0,1,1,1,2,15,2,3,2,1,1,1
2,0,1,0,0,3,1,1,13,4,6,1,1,0,1
1,0,0,0,0,3,1,3,13,8,2,1,1,0,1
3,0,0,1,0,2,1,2,12,8,5,1,1,0,1
3,0,0,0,0,2,1,1,11,11,5,2,1,0,0
2,0,1,1,1,1,1,2,10,11,2,1,1,1,1
1,0,0,0,0,1,1,1,9,7,2,1,1,0,0
2,0,1,0,0,2,1,2,12,5,2,1,0,0,1
2,0,1,0,0,2,1,3,11,5,8,2,1,0,1
2,0,1,0,0,3,1,1,10,7,10,1,2,0,0
2,0,0,0,0,1,1,1,14,4,8,2,1,0,1
2,0,1,0,0,2,1,1,16,5,2,1,1,0,0
3,0,1,0,0,3,1,1,15,3,5,1,1,0,1
3,0,1,0,2,2,1,3,11,5,10,2,1,2,0
2,0,0,0,1,1,1,1,9,11,1,1,1,1,1
3,0,0,0,0,2,1,2,13,8,5,2,1,0,1
3,0,0,0,0,2,1,1,17,8,5,1,1,0,0
1,0,1,0,0,3,1,1,16,7,4,1,1,0,0
1,0,1,1,0,1,1,1,10,5,10,1,0,0,0
2,0,0,0,0,1,1,1,15,5,9,2,1,0,0
3,0,1,0,0,2,1,4,11,5,5,0,0,0,1
3,0,0,0,0,1,1,1,10,6,10,2,1,0,1
2,0,1,1,0,3,1,1,14,7,1,1,1,0,0
2,0,1,1,0,2,1,1,9,5,2,1,0,0,0
2,0,0,0,0,3,1,1,14,10,10,1,1,0,0
2,0,1,0,0,1,1,1,12,5,8,2,0,0,1
3,0,1,0,0,2,1,1,13,2,5,1,1,0,0
1,0,1,0,0,2,1,1,15,6,2,1,0,0,0
3,0,1,0,0,2,1,1,11,7,7,1,1,0,0
3,0,1,0,0,1,1,1,13,9,5,1,1,0,1
3,0,0,0,0,2,1,2,9,6,11,1,0,0,1
1,0,1,0,1,3,1,1,13,2,5,1,2,1,0
1,0,1,0,0,2,1,1,10,7,2,2,1,0,1
3,0,0,0,1,3,1,1,14,9,5,1,1,1,1
2,0,1,0,1,3,1,1,14,11,8,1,1,1,1
3,0,1,0,1,1,1,1,12,4,5,2,1,1,0
2,0,1,0,0,2,1,1,14,5,7,1,0,0,0
2,0,1,1,0,1,1,1,11,5,10,0,0,0,0
3,0,0,0,0,2,1,2,14,6,5,1,0,0,0
2,0,1,0,0,2,1,1,11,5,5,1,1,0,0
3,0,0,0,0,2,1,1,13,2,7,2,1,0,0
2,0,1,0,0,1,1,1,13,7,1,1,0,0,0
2,0,1,0,0,2,1,1,13,5,1,0,0,0,0
1,0,0,0,0,3,1,2,16,8,2,1,1,0,1
3,0,0,0,0,2,1,1,13,9,5,1,1,0,1
2,0,1,0,1,1,1,1,16,4,10,2,1,1,0
2,0,1,0,0,1,1,1,17,5,10,1,0,0,0
1,0,0,0,0,3,1,1,12,8,4,1,1,0,0
2,0,0,0,1,4,1,1,13,8,6,0,2,1,0
1,0,0,0,3,3,1,1,15,1,10,1,1,3,1
3,0,0,0,0,3,1,2,10,8,5,2,1,0,1
2,0,1,0,0,1,1,1,11,5,2,2,1,0,0
2,0,0,0,0,1,1,1,16,4,9,2,1,0,1
3,0,1,0,0,1,1,3,14,7,5,0,1,0,1
2,0,1,0,3,1,1,1,17,6,2,2,1,3,1
2,0,1,0,0,2,1,1,9,11,1,1,2,0,0
1,0,1,0,0,2,1,1,16,4,2,1,1,0,0
3,0,0,1,0,2,1,1,10,8,5,1,1,0,1
2,0,1,1,0,3,1,1,13,7,1,1,1,0,0
2,0,0,0,0,3,1,1,15,6,8,1,0,0,0
2,0,0,0,0,1,1,1,9,11,9,2,1,0,0
2,0,0,0,1,3,1,1,13,11,8,0,1,3,1
2,0,1,0,1,2,1,1,16,11,10,2,1,1,0
3,0,0,0,0,2,1,1,15,6,10,1,0,0,0
2,0,1,1,0,1,1,1,16,5,2,2,0,0,0
3,0,0,0,0,2,1,1,16,8,10,1,1,0,0
3,0,1,0,1,2,1,1,10,9,5,2,1,3,1
3,0,1,0,0,1,1,1,9,5,5,2,1,0,0
3,0,0,0,0,1,1,2,10,2,5,1,1,0,1
2,0,1,0,0,3,1,1,10,5,10,1,0,0,0
3,0,0,0,0,1,1,1,11,8,5,2,1,0,0
2,0,1,0,0,1,1,1,17,5,2,1,1,0,0
3,0,0,0,0,2,1,1,10,2,5,1,1,0,0
1,0,1,1,0,2,1,1,9,11,5,1,1,0,0
2,0,1,0,0,2,1,1,13,4,10,2,1,0,1
2,0,1,0,0,1,1,1,11,2,10,2,1,0,0
1,0,1,0,1,3,1,1,9,11,2,1,2,2,0
2,0,1,0,1,2,1,1,13,4,2,2,1,2,0
2,0,0,0,0,2,1,1,14,7,10,1,1,0,0
2,0,0,0,0,2,1,1,10,8,1,2,1,0,0
1,0,0,1,0,3,1,1,12,6,6,1,0,0,0
3,0,1,0,1,2,1,1,12,5,5,1,1,1,0
2,0,1,0,0,2,1,2,17,5,8,1,1,0,1
2,0,0,0,0,2,1,1,14,6,10,1,0,0,0
2,0,1,0,0,3,1,1,10,8,2,1,1,0,0
3,0,1,0,1,1,1,1,14,9,5,0,1,1,0
3,0,0,0,0,2,1,1,17,6,5,1,1,0,1
2,0,1,0,0,2,1,1,16,5,2,1,1,0,0
2,0,1,0,0,1,1,1,12,5,1,1,1,0,0
2,0,0,0,0,2,1,1,17,11,1,1,1,0,0
3,0,1,0,0,2,1,1,13,2,7,1,1,0,0
1,0,1,0,0,3,1,1,12,5,2,0,0,0,0
3,0,1,0,0,1,1,1,10,5,1,1,0,0,0
2,0,1,1,0,2,1,1,13,6,10,1,0,0,0
3,0,0,0,0,2,1,1,9,5,10,2,1,0,1
2,0,1,0,0,2,1,1,11,6,8,0,0,0,0
2,0,0,0,1,3,1,1,9,4,2,1,1,3,0
1,0,1,0,0,2,1,1,14,5,8,1,1,0,0
1,0,0,0,0,2,1,1,13,7,2,1,1,0,0
2,0,0,0,0,3,1,1,17,8,2,1,1,0,1
1,0,0,0,1,3,1,1,13,1,3,0,1,1,0
3,0,0,0,0,3,1,1,13,4,3,1,1,0,1
2,0,1,0,0,2,1,1,17,6,4,2,0,0,0
3,0,0,0,2,1,1,1,10,4,5,2,1,3,1
2,0,0,1,0,1,1,1,13,7,10,2,1,0,1
1,0,0,0,1,5,1,1,14,3,6,1,2,3,1
3,0,0,0,0,1,1,1,17,2,9,2,1,0,0
2,0,1,0,1,3,1,2,10,6,1,1,1,2,1
2,0,0,0,0,3,1,1,17,7,1,1,1,0,0
2,0,0,0,0,1,1,2,11,4,10,1,1,0,1
3,0,1,1,1,1,1,1,14,1,10,1,1,1,0
3,0,0,0,1,3,1,2,17,10,5,1,1,3,1
3,0,0,1,0,3,1,2,16,7,5,1,1,0,1
3,0,0,0,0,2,1,1,16,8,5,1,1,0,0
2,0,0,1,0,3,1,2,12,7,3,1,1,0,1
2,0,1,0,1,2,1,1,17,5,1,2,1,2,1
1,0,0,0,0,2,1,2,9,6,2,1,0,0,1
1,0,1,0,0,2,1,1,9,4,5,1,1,0,1
2,0,0,1,0,2,1,1,12,5,1,2,0,0,0
2,0,1,0,0,1,1,1,15,5,8,2,1,0,0
2,0,1,0,1,3,1,1,12,5,8,2,1,1,1
2,0,0,0,0,2,1,2,11,8,10,0,1,0,1
2,0,1,0,0,2,1,1,10,5,2,0,0,0,0
2,0,1,0,1,2,1,1,9,4,2,2,1,1,0
2,0,1,0,0,1,1,1,13,5,2,0,0,0,0
3,0,1,0,0,2,1,1,13,7,5,1,1,0,0
3,0,1,0,0,2,1,2,17,5,5,1,1,0,1
2,0,0,1,0,1,1,1,13,4,1,2,1,0,1
1,0,0,0,0,3,1,1,12,11,6,0,1,0,1
3,0,0,0,0,1,1,1,15,5,5,2,1,0,1
2,0,1,0,0,2,1,1,17,6,1,2,0,0,0
3,0,0,0,0,1,1,2,12,9,5,2,1,0,1
3,0,1,0,0,3,1,1,10,7,5,2,1,0,0
2,0,1,0,0,1,1,1,15,5,1,0,0,0,1
2,0,0,0,1,1,2,1,9,5,9,2,1,3,1
2,0,1,0,0,1,1,1,11,7,3,2,1,0,0
2,0,0,0,0,3,1,1,9,7,10,0,1,0,0
2,0,1,1,0,2,1,1,12,5,2,1,1,0,0
2,0,1,0,0,2,1,1,14,7,10,1,1,0,0
2,0,0,1,0,1,1,1,11,7,2,1,1,0,0
3,0,0,0,0,2,1,1,12,10,9,2,1,0,1
2,0,0,0,0,3,1,1,17,11,11,0,1,0,1
3,0,1,1,0,3,1,1,13,6,10,1,0,0,0
1,0,1,0,0,3,1,1,17,6,2,1,0,0,0
3,0,1,0,0,2,1,1,16,5,5,1,1,0,0
2,0,1,0,0,2,1,1,10,7,1,1,1,0,0
2,1,0,1,0,3,1,1,17,7,10,1,2,0,0
2,0,1,1,0,1,1,1,15,5,8,1,0,0,0
2,0,1,0,0,2,1,1,11,5,10,2,0,0,0
2,0,1,0,0,1,1,1,13,5,2,1,0,0,0
1,0,0,0,0,3,1,1,17,4,6,1,1,0,1
3,0,0,0,1,2,1,1,15,4,5,1,1,3,1
3,0,0,0,0,2,1,1,12,6,5,1,1,0,1
3,0,0,0,1,4,1,1,13,9,6,1,2,3,1
2,0,1,0,1,2,1,1,12,4,10,1,1,1,0
2,0,1,1,0,2,1,1,10,5,10,1,0,0,0
2,0,1,0,0,2,1,1,9,5,2,1,0,0,0
1,0,1,0,0,2,1,2,12,5,2,0,0,0,1
3,0,0,0,0,1,1,1,10,7,5,1,1,0,0
3,0,0,0,0,1,1,1,9,3,9,2,2,0,1
2,0,1,0,0,1,1,1,13,7,8,2,1,0,0
2,0,1,1,1,1,1,1,9,5,8,1,1,1,0
2,0,1,1,1,1,1,1,14,4,8,2,1,2,0
1,0,1,0,0,3,1,2,14,11,2,1,1,0,1
3,0,1,0,0,3,1,1,10,5,10,2,0,0,0
1,0,1,0,0,2,1,1,15,5,8,1,0,0,0
3,0,0,0,0,2,1,1,16,6,10,1,0,0,0
3,0,1,0,0,1,1,1,14,7,5,1,1,0,0
2,0,0,0,0,2,1,1,17,5,2,0,1,0,0
3,0,1,0,0,3,1,1,16,5,5,1,1,0,1
3,0,0,0,0,2,1,1,9,8,10,2,1,0,0
3,0,1,0,0,1,1,1,14,7,5,0,1,0,1
3,0,1,0,2,2,1,1,11,8,5,2,1,3,1
1,0,0,0,0,3,1,1,16,8,4,1,1,0,0
3,0,1,0,0,3,1,2,15,9,10,0,2,0,1
2,0,0,0,0,1,1,1,9,8,5,1,1,0,0
3,0,1,0,0,1,1,1,16,5,10,2,1,0,1
2,0,0,0,0,2,1,1,14,4,1,1,1,0,0
3,0,0,0,1,2,1,1,14,12,8,1,1,3,1
2,0,0,0,0,3,1,1,17,6,2,1,0,0,0
1,0,0,0,1,2,1,1,13,11,2,1,1,1,0
2,0,0,0,0,1,1,1,15,10,9,2,2,0,1
1,0,1,0,0,2,1,1,13,5,2,1,0,0,0
2,0,1,0,0,2,1,1,9,5,10,1,0,0,0
2,0,1,0,0,2,1,1,15,6,1,1,0,0,0
3,0,0,0,0,1,1,1,9,8,1,1,1,0,0
2,0,1,1,1,1,1,1,14,5,2,2,1,3,0
2,0,1,1,5,1,1,1,16,5,5,1,1,1,0
3,0,1,0,0,2,1,1,17,5,5,1,0,0,0
2,0,1,0,0,3,1,1,13,6,1,2,0,0,1
2,0,0,0,0,2,1,1,11,7,8,1,1,0,0
2,0,0,0,0,3,1,1,16,7,8,0,1,0,1
3,0,0,0,0,2,1,1,11,5,10,2,1,0,0
3,0,0,0,3,2,1,1,12,10,5,2,1,3,1
2,0,0,0,0,1,1,1,15,1,9,2,1,0,0
3,0,1,0,0,1,1,1,9,8,1,2,1,0,1
1,0,1,0,0,2,1,2,16,11,2,1,1,0,1
1,0,0,0,0,2,1,1,17,8,2,1,1,0,0
3,0,0,0,0,1,1,1,13,8,5,2,1,0,0
1,0,1,0,0,2,1,1,11,7,3,1,2,0,0
3,0,0,0,0,3,1,2,13,8,5,1,1,0,1
2,0,1,0,0,1,1,1,16,4,8,2,1,0,0
3,0,0,0,0,3,1,1,13,7,5,1,1,0,0
2,0,1,0,2,3,1,1,10,4,10,0,1,2,0
2,0,0,1,0,3,1,1,17,6,6,1,0,0,0
2,0,0,0,0,1,1,2,9,2,10,2,1,0,1
2,0,1,1,1,3,1,1,12,7,8,0,0,3,1
1,0,1,0,0,2,1,1,9,5,2,1,0,0,0
2,0,1,0,1,2,1,1,12,2,2,1,1,1,0
2,0,0,0,0,1,1,1,15,10,9,2,1,0,1
3,0,1,0,0,3,1,1,16,5,10,0,0,0,0
3,0,0,0,0,1,1,1,12,8,5,1,1,0,0
3,0,0,0,1,4,1,1,16,11,6,2,2,1,0
3,0,0,1,1,2,1,1,16,11,5,1,1,3,1
1,0,1,0,0,2,1,1,12,5,2,1,0,0,0
3,0,0,0,0,1,1,1,9,7,5,1,0,0,0
2,0,1,1,1,3,1,1,12,1,10,0,1,1,0
2,0,0,0,0,3,1,1,10,7,6,1,1,0,0
3,0,0,0,0,1,1,1,17,8,10,0,1,0,1
2,0,0,0,0,2,1,1,14,11,1,1,2,0,1
2,0,0,0,0,2,1,1,17,11,5,1,1,0,0
2,0,0,0,0,2,1,1,16,6,2,2,0,0,1
3,0,0,0,0,1,1,1,16,4,5,2,1,0,1
1,0,1,0,0,1,1,1,16,11,2,2,1,0,0
2,0,1,0,0,1,1,1,11,5,1,2,0,0,0
2,0,0,1,0,2,1,1,16,2,5,1,1,0,0
3,0,0,0,0,2,1,1,9,2,11,1,1,0,1
3,0,1,0,0,1,1,2,16,2,8,2,1,0,1
2,0,1,0,0,1,1,2,16,5,2,2,0,0,1
2,0,0,0,0,3,1,1,16,3,8,1,2,0,0
2,0,0,0,0,3,1,1,13,7,1,0,1,0,0
2,0,1,0,0,2,1,1,11,5,8,1,0,0,0
2,0,1,0,0,3,1,3,17,5,1,0,0,0,1
1,0,1,0,1,1,1,1,13,5,8,0,1,3,1
3,0,1,0,0,2,1,1,9,8,7,1,1,0,0
2,0,1,0,0,2,1,1,11,4,3,1,1,0,0
2,0,0,0,0,2,1,1,17,4,11,1,1,0,0
2,0,1,0,1,2,1,1,11,4,8,1,1,2,0
2,0,0,0,5,1,1,1,12,5,8,1,1,3,1
1,0,1,0,0,2,1,2,13,5,2,1,1,0,1
2,0,0,0,0,3,1,2,12,6,1,1,0,0,1
2,0,0,0,1,2,1,1,13,7,11,1,1,1,1
1,0,1,0,0,2,1,1,14,5,1,1,1,0,0
2,0,0,0,0,3,1,1,16,8,1,1,1,0,0
2,0,1,1,0,1,1,1,11,7,8,2,1,0,0
3,0,0,0,0,1,1,1,11,5,9,2,0,0,0
3,0,0,0,0,2,1,1,14,11,10,1,1,0,1
2,0,1,0,0,3,1,1,9,5,2,1,0,0,0
3,0,0,0,1,3,1,1,11,10,5,1,1,1,1
3,0,0,0,0,1,1,2,11,5,10,2,1,0,1
3,0,1,0,1,2,1,1,14,11,7,2,1,1,0
2,0,1,0,0,2,1,1,16,11,10,2,1,0,0
1,0,0,0,0,3,1,1,10,8,2,1,1,0,0
2,0,0,0,0,2,1,1,13,10,4,1,1,0,1
2,0,1,1,0,1,1,2,10,7,10,2,1,0,0
3,0,0,0,0,2,1,1,16,1,10,2,1,0,1
3,0,1,0,0,2,1,1,16,5,5,1,1,0,0
3,0,0,0,0,2,1,1,14,8,7,1,1,0,0
1,0,0,0,0,1,1,1,17,2,7,2,1,0,0
2,0,1,0,0,2,1,1,14,7,2,1,1,0,0
3,0,1,0,2,2,1,1,12,9,5,0,1,1,0
2,0,1,0,0,2,1,1,15,11,1,1,1,0,0
1,0,0,0,0,5,1,1,11,2,6,1,2,0,0
3,0,0,0,0,2,1,1,14,1,5,1,1,0,1
2,0,0,0,0,3,2,1,16,5,6,1,0,0,0
2,0,1,0,1,1,1,2,12,5,1,2,1,1,1
3,1,0,1,0,1,1,2,12,7,3,1,1,0,0
3,0,1,0,0,3,1,1,10,5,5,1,0,0,0
3,0,0,0,0,2,1,1,15,6,1,2,0,0,0
3,0,0,0,0,3,1,1,13,5,5,1,1,0,1
3,0,1,1,0,2,1,2,9,8,10,2,1,0,1
3,0,1,0,0,1,1,1,9,5,3,1,0,0,0
2,0,1,0,1,2,1,1,15,5,2,1,1,2,0
3,0,1,0,0,1,1,1,17,6,10,1,0,0,0
1,0,1,0,0,2,1,2,17,6,2,1,0,0,1
2,0,1,0,0,2,1,1,12,5,2,1,0,0,0
2,0,1,0,0,2,1,1,14,6,2,1,0,0,0
1,0,1,0,0,2,1,2,16,5,3,1,1,0,1
2,0,0,1,0,3,1,1,17,7,10,1,1,0,0
2,0,0,0,0,3,2,1,9,8,6,1,1,0,0
2,0,0,0,1,1,1,1,13,2,9,2,1,3,1
3,0,0,0,0,2,1,1,12,5,5,1,0,0,0
2,0,0,0,1,3,1,2,16,10,6,1,1,3,1
3,0,0,0,0,2,1,1,17,8,10,1,1,0,0
2,0,1,0,1,2,1,1,12,5,2,2,1,1,0
2,1,1,0,0,2,1,1,15,5,2,1,0,0,0
2,0,1,0,0,2,1,1,12,7,8,0,1,0,0
1,0,0,0,0,3,1,1,10,8,4,1,1,0,1
2,0,0,0,0,3,1,1,14,10,1,0,2,0,1
1,0,1,0,0,2,1,1,13,8,2,1,1,0,0
3,0,1,0,0,3,1,1,15,3,10,0,1,0,1
2,0,0,0,1,3,1,1,15,7,6,1,1,3,1
2,0,0,0,0,2,1,2,17,11,11,1,1,0,1
3,0,0,0,0,2,1,2,15,7,7,2,1,0,1
3,0,0,0,0,2,1,1,16,6,5,1,1,0,1
1,0,0,0,0,1,1,1,10,5,2,1,1,0,0
2,0,0,0,1,4,1,1,11,6,6,1,2,2,1
2,0,0,0,0,1,1,1,9,2,11,2,1,0,0
3,0,0,0,1,1,1,1,12,9,10,2,1,3,1
1,0,1,0,1,2,1,1,14,2,2,1,1,1,0
1,0,1,0,1,2,1,1,12,5,8,1,2,1,0
1,0,0,0,0,4,1,1,13,3,6,0,2,0,1
2,0,1,0,0,2,1,1,15,5,8,1,0,0,0
2,0,1,0,0,2,1,1,9,5,2,1,0,0,0
3,0,0,0,0,1,1,1,9,9,5,1,1,0,1
2,0,0,0,0,1,1,1,12,5,1,0,0,0,0
2,0,0,0,0,2,1,1,16,10,1,1,2,0,1
3,0,0,0,0,2,1,1,14,8,5,1,1,0,0
3,0,0,0,1,3,1,1,13,6,5,2,2,1,1
2,0,0,0,0,1,1,1,13,8,10,2,1,0,0
3,0,0,0,0,1,1,1,13,8,5,2,1,0,0
2,0,0,0,0,2,1,1,11,8,2,1,1,0,0
2,0,1,1,0,3,1,1,15,5,2,1,0,0,0
2,0,0,0,0,1,1,1,14,5,9,2,1,0,0
1,0,0,0,0,1,1,1,13,8,4,1,1,0,0
3,0,0,0,1,1,1,1,15,4,7,2,2,3,0
2,0,1,0,0,2,1,1,11,6,2,1,0,0,0
2,0,0,1,0,1,1,1,13,5,2,2,0,0,0
1,0,1,0,0,2,1,2,11,11,2,1,1,0,1
3,0,1,0,0,3,1,2,15,3,5,0,1,0,0
3,0,0,0,0,4,1,1,11,4,6,0,1,0,1
3,0,0,0,5,1,1,2,11,7,5,2,1,1,1
3,0,1,0,0,1,1,1,14,11,3,1,1,0,0
2,0,1,0,0,2,1,1,13,7,4,1,1,0,0
3,0,1,0,0,3,1,1,9,6,6,0,0,0,1
3,0,1,0,0,2,1,1,16,4,5,2,2,0,0
2,0,1,0,0,3,1,1,9,5,2,1,1,0,0
3,0,0,0,0,2,1,1,14,11,7,1,1,0,0
3,0,0,0,1,2,1,1,16,6,1,1,1,3,1
3,0,0,0,0,1,1,1,12,7,1,1,1,0,0
2,0,0,0,1,2,1,1,11,9,11,1,1,3,1
2,0,1,0,1,1,1,1,12,5,10,2,1,1,0
1,0,0,0,1,2,1,1,12,11,5,1,1,3,0
3,0,0,0,2,3,1,1,12,3,5,1,1,2,1
3,0,0,0,0,1,1,1,17,7,5,1,1,0,0
3,0,0,0,1,2,1,1,16,8,5,1,1,3,1
2,0,1,0,0,1,1,1,12,5,8,1,2,0,0
3,0,1,0,0,2,1,1,9,8,5,2,1,0,0
2,0,0,0,0,1,1,1,12,7,3,1,1,0,0
2,0,1,0,0,2,1,1,16,7,3,1,1,0,1
3,0,1,1,1,1,1,1,15,2,5,1,0,1,1
3,0,0,0,3,2,1,1,16,7,5,0,1,3,0
3,0,1,0,0,1,1,1,16,5,11,2,0,0,0
3,0,0,0,1,2,1,1,12,9,5,2,1,2,1
3,0,0,0,0,3,1,1,16,5,5,1,0,0,0
3,0,0,0,1,4,1,1,15,6,6,1,1,3,0
2,0,1,0,0,2,1,1,17,5,10,1,0,0,0
3,0,0,0,0,1,1,1,12,8,5,2,1,0,0
2,0,0,1,0,1,1,1,17,11,10,2,1,0,1
1,0,1,0,0,2,1,1,16,5,2,1,0,0,0
2,0,0,1,0,3,1,2,17,7,2,1,1,0,1
2,0,0,0,0,2,1,1,10,5,5,2,0,0,0
2,0,1,0,0,2,1,1,9,5,2,1,1,0,0
2,0,0,0,5,2,1,1,17,6,10,1,1,1,1
2,0,0,0,0,3,1,1,12,11,6,1,1,0,0
1,0,1,0,1,2,1,1,12,2,6,1,1,1,0
3,0,0,1,0,2,1,1,9,7,5,0,1,0,0
2,0,1,0,0,2,1,1,9,2,10,2,1,0,1
2,0,0,0,0,1,1,1,9,4,10,2,1,0,1
2,0,0,0,0,2,1,1,11,8,9,1,1,0,0
2,0,0,0,0,2,1,1,14,6,2,1,0,0,0
2,0,0,0,3,1,1,1,9,11,9,2,1,2,1
2,0,0,0,0,3,1,1,15,2,11,1,1,0,1
1,0,1,0,1,3,1,1,17,11,2,1,1,1,1
2,0,1,0,0,2,1,1,10,5,2,2,0,0,0
1,0,0,0,0,2,1,1,9,6,8,1,0,0,0
2,0,0,0,0,2,1,1,12,6,1,1,0,0,0
2,0,0,1,0,3,1,1,11,8,10,1,1,0,0
2,0,0,0,0,2,1,1,17,8,10,1,1,0,0
3,0,0,0,0,2,1,1,11,10,4,1,0,0,0
2,0,1,0,0,1,1,2,13,2,7,2,1,0,1
3,0,1,1,0,3,1,1,10,5,5,1,0,0,0
2,0,1,0,1,2,1,1,16,5,2,1,1,3,1
1,0,0,0,0,3,1,1,15,7,4,0,1,0,1
2,0,1,0,0,1,1,1,15,5,2,1,1,0,0
1,0,1,0,0,2,1,1,14,6,2,1,0,0,0
2,0,1,1,0,2,1,1,12,5,2,1,0,0,0
3,0,0,0,0,1,1,1,10,1,7,2,1,0,0
3,0,1,1,1,1,1,2,10,5,5,0,1,1,1
2,0,1,1,0,2,1,1,9,5,7,2,1,0,0
1,0,1,0,0,2,1,1,15,5,2,1,0,0,0
1,0,0,0,1,3,1,2,11,7,11,1,1,2,1
1,0,1,0,0,3,1,1,11,5,2,0,0,0,0
2,0,1,0,0,1,1,2,12,7,9,2,1,0,1
2,0,1,0,1,1,1,1,13,5,2,1,1,1,0
2,0,1,0,0,2,1,1,17,5,11,0,0,0,0
3,0,0,0,0,3,1,1,14,6,0,1,0,0,0
2,0,1,1,1,2,1,1,14,4,8,1,1,1,0
1,0,1,0,0,3,1,1,13,5,2,1,0,0,0
3,0,0,0,0,2,1,1,16,7,10,2,1,0,1
2,0,0,0,0,1,1,1,10,5,1,2,1,0,0
2,0,0,0,1,1,1,1,14,11,1,2,1,3,1
2,0,0,0,1,4,1,1,10,9,6,0,2,1,0
2,0,0,0,1,2,1,1,11,3,1,1,1,1,0
3,0,0,0,0,1,1,1,14,3,5,2,1,0,1
3,0,1,0,5,2,1,1,13,5,3,1,1,1,0
3,0,1,0,0,2,1,1,15,5,5,0,0,0,0
1,0,0,0,0,3,1,2,9,8,2,1,1,0,1
2,0,0,0,0,1,1,1,14,12,9,2,1,0,0
1,0,0,0,0,2,1,1,12,6,8,1,0,0,0
2,0,1,0,0,3,1,2,15,5,2,1,0,0,1
2,0,0,0,0,1,1,3,16,2,3,2,1,0,1
2,0,1,0,0,2,1,1,10,5,1,0,0,0,1
0,0,0,0,2,3,1,1,9,7,0,1,1,1,1
2,0,1,0,1,2,1,1,12,6,8,1,1,3,1
2,0,0,0,1,1,1,1,12,10,9,2,1,1,1
2,1,0,1,0,2,1,1,15,7,3,2,1,0,0
2,0,1,0,0,3,1,1,11,8,10,0,1,0,0
1,0,1,0,0,2,1,1,17,5,2,1,0,0,0
2,0,1,0,0,3,1,1,13,11,1,1,1,0,0
2,0,1,0,0,1,1,1,10,5,8,2,0,0,0
2,0,0,0,0,1,1,1,10,8,10,1,1,0,0
2,0,1,0,1,2,1,1,9,5,10,0,1,1,0
3,0,1,1,1,2,1,1,10,4,5,1,1,1,0
3,0,0,0,1,1,1,1,13,2,5,2,1,3,1
2,0,1,0,2,2,1,1,16,7,1,1,1,3,1
3,0,1,0,0,1,1,1,14,3,3,2,1,0,1
3,0,0,0,0,1,1,2,17,8,5,2,1,0,1
1,0,1,0,0,3,1,1,16,8,2,1,1,0,0
2,0,1,0,1,1,1,1,17,4,2,1,1,1,0
2,0,1,0,0,1,1,1,17,6,8,1,0,0,0
3,0,0,0,1,2,1,1,9,9,5,1,1,2,1
1,0,1,0,1,1,1,1,13,4,2,2,1,2,0
3,0,0,0,0,1,1,1,17,5,9,2,1,0,0
2,0,1,0,0,1,1,1,9,5,10,2,1,0,0
2,0,0,0,0,3,1,1,12,8,10,1,1,0,0
3,0,0,0,1,3,1,1,9,5,6,0,1,3,1
3,0,0,0,0,1,1,1,12,8,5,2,1,0,0
3,0,1,0,1,2,1,3,9,9,5,1,1,1,1
2,0,0,0,0,2,1,1,14,8,7,1,1,0,0
2,0,1,0,0,2,1,1,13,6,1,1,0,0,0
3,0,1,0,0,2,1,2,10,6,10,1,0,0,1
2,0,0,0,0,1,1,1,14,7,2,1,2,0,0
2,0,0,0,1,1,1,1,13,5,8,2,1,1,0
2,0,1,0,0,2,1,1,11,5,8,1,0,0,0
3,0,0,0,0,2,1,1,9,3,5,1,1,0,1
3,0,0,0,1,1,1,1,17,4,10,2,1,3,1
2,0,0,0,0,1,1,1,10,6,1,1,1,0,1
3,0,0,0,3,1,1,1,15,5,5,2,2,3,1
2,0,1,0,0,1,1,1,17,5,2,1,0,0,0
2,0,0,0,0,2,1,1,12,1,11,1,1,0,0
2,0,1,0,0,1,1,1,13,7,2,1,2,0,0
2,0,1,1,0,1,1,1,15,7,2,1,1,0,0
2,0,1,1,0,2,1,1,12,7,8,1,1,0,0
2,0,1,0,1,3,1,1,15,5,1,1,1,2,1
3,1,0,0,0,2,1,1,14,5,10,0,1,0,1
2,0,0,0,0,1,1,1,12,5,9,2,1,0,0
2,0,0,1,0,2,1,1,13,10,1,1,1,0,1
2,0,0,0,0,3,1,1,15,5,5,1,0,0,0
3,0,0,0,1,2,1,1,12,5,10,1,1,2,1
2,0,1,0,0,1,1,1,17,7,10,1,1,0,1
2,0,0,0,0,2,1,1,13,6,5,1,0,0,0
2,0,0,0,0,2,1,1,16,8,10,1,1,0,0
3,0,0,0,0,2,1,1,17,6,7,2,0,0,0
3,0,1,0,0,1,1,1,15,8,5,1,1,0,0
2,0,1,1,0,3,1,1,16,5,1,1,0,0,0
3,0,0,0,0,2,1,1,11,4,5,1,1,0,0
2,0,0,0,0,3,1,1,13,4,1,1,1,0,1
2,0,1,0,0,2,1,1,14,2,1,0,1,0,0
2,0,1,0,0,1,1,1,16,6,2,2,0,0,0
3,0,1,0,5,2,1,1,10,5,5,2,2,1,0
2,0,1,0,0,2,1,1,14,11,10,1,1,0,0
1,0,0,0,0,4,2,1,14,2,6,0,1,0,0
2,0,0,0,0,2,2,1,13,4,5,1,1,0,0
3,0,1,0,0,2,1,1,12,7,5,1,1,0,1
3,0,0,0,0,2,1,1,11,11,10,2,1,0,0
3,0,0,0,1,2,1,1,10,2,7,2,1,3,1
3,0,0,1,0,1,1,1,15,7,10,2,1,0,0
2,0,1,0,1,2,1,1,10,2,8,1,1,1,0
3,0,0,1,0,3,1,1,15,7,5,1,2,0,0
3,0,0,0,1,2,1,1,13,8,5,1,1,3,1
2,0,1,0,0,2,1,1,16,5,2,2,0,0,0
2,0,1,0,0,2,1,2,12,5,2,1,0,0,1
1,0,0,0,0,3,1,2,9,7,2,1,1,0,1
2,0,1,0,1,2,1,1,10,2,2,1,1,1,1
2,0,1,0,1,1,1,1,15,4,2,1,1,3,0
3,0,0,0,1,3,1,1,13,12,7,1,1,1,1
3,0,0,0,0,2,1,1,9,3,5,1,1,0,1
3,0,0,0,1,4,1,1,17,7,10,1,1,1,1
3,0,0,0,2,1,1,1,10,7,5,1,1,1,1
2,0,0,0,0,2,1,1,17,6,5,1,0,0,0
3,0,1,0,1,3,1,1,14,5,5,1,1,1,0
2,0,0,0,3,1,1,2,11,12,8,2,2,3,1
2,0,1,0,0,2,1,1,11,5,3,0,1,0,0
2,0,1,0,0,1,1,1,11,2,5,1,1,0,0
3,0,0,0,0,1,1,1,14,5,8,1,1,0,0
3,0,1,0,1,2,1,2,13,10,5,1,1,2,1
2,0,0,0,0,1,1,1,10,8,8,1,1,0,0
3,0,0,0,0,1,1,2,12,8,10,1,1,0,1
2,0,0,0,0,3,1,1,9,8,5,1,1,0,0
2,0,1,0,0,1,1,1,17,5,9,2,0,0,0
2,0,0,0,0,2,1,1,15,2,10,1,1,0,1
3,0,0,0,1,1,1,1,15,9,10,2,1,2,1
2,0,1,1,0,1,1,2,16,5,1,2,0,0,1
3,0,0,0,0,2,1,1,15,2,3,0,1,0,0
2,0,1,1,5,2,1,1,17,2,10,1,1,1,0
1,0,0,0,0,2,1,1,15,5,2,1,1,0,1
2,0,1,1,0,2,1,1,17,7,10,1,1,0,0
2,0,0,1,1,3,1,1,12,11,10,1,1,1,0
2,0,0,0,0,4,1,1,13,10,6,1,1,0,0
2,0,1,0,1,1,1,1,16,5,1,1,1,1,1
2,0,0,0,0,3,1,1,9,6,8,0,0,0,1
3,0,0,0,0,2,1,1,9,1,5,2,1,0,1
2,0,0,0,1,2,1,1,13,8,8,1,1,3,1
3,0,0,0,0,2,1,1,13,7,1,2,1,0,0
3,0,0,0,0,2,1,1,15,2,7,1,1,0,0
2,0,0,0,0,1,1,1,17,8,10,1,1,0,0
3,0,0,0,0,1,1,1,11,4,5,2,1,0,1
1,0,1,0,0,1,1,1,9,6,2,2,0,0,0
2,0,1,0,0,2,1,1,15,5,1,0,0,0,0
1,0,1,0,0,1,1,1,10,5,2,1,0,0,0
2,0,1,0,0,2,1,1,10,2,2,1,2,0,0
2,0,1,0,0,2,1,1,10,6,2,2,0,0,0
3,0,0,0,0,1,1,1,11,5,5,2,1,0,0
2,0,0,1,0,2,1,1,15,5,2,0,0,0,0
3,0,1,0,0,2,1,1,17,7,10,1,2,0,0
2,0,1,1,0,1,1,1,13,11,8,1,1,0,0
1,0,1,0,0,3,1,1,17,11,11,1,1,0,0
3,0,0,0,1,3,1,4,12,11,5,1,2,1,1
3,0,0,0,1,2,1,2,16,9,11,2,1,3,1
2,0,1,0,1,2,1,1,15,10,2,1,1,1,1
3,0,0,0,0,1,1,1,9,2,10,2,1,0,1
1,0,1,0,0,2,1,1,9,4,2,1,1,0,0
2,0,0,0,0,3,1,1,16,11,6,1,1,0,1
2,0,0,1,0,2,1,1,16,7,3,2,1,0,0
2,0,1,0,0,1,1,1,10,5,2,1,0,0,0
3,0,0,0,0,3,1,1,11,8,5,1,1,0,0
1,0,1,1,0,3,1,1,15,5,8,0,0,0,1
2,0,0,1,0,1,1,2,14,7,8,1,0,0,1
3,0,0,0,0,1,1,2,10,8,5,1,1,0,1
1,0,0,1,0,3,1,2,16,6,4,1,0,0,1
2,0,1,0,1,2,1,1,11,11,2,1,2,2,0
3,0,0,0,0,2,1,1,11,8,5,1,1,0,1
3,0,0,0,0,3,1,1,14,8,5,1,1,0,1
3,0,1,0,0,1,1,1,17,8,5,2,1,0,0
2,0,1,0,0,2,1,2,13,5,2,1,0,0,1
3,0,1,0,1,1,1,1,12,2,7,1,1,1,1
3,0,0,0,0,3,1,1,10,5,5,1,2,0,1
2,0,1,0,0,2,1,1,16,5,8,1,0,0,0
3,0,0,0,0,2,1,1,13,8,11,2,1,0,1
3,0,0,0,1,3,1,1,9,11,5,1,1,1,1
2,0,0,0,0,1,1,1,15,6,8,2,1,0,1
3,0,0,0,0,3,1,1,10,8,5,1,1,0,0
2,0,0,0,0,2,1,1,16,7,8,1,1,0,0
2,0,1,0,0,1,1,3,13,5,2,1,0,0,1
3,0,1,0,0,2,1,2,17,7,5,1,1,0,0
2,0,0,0,0,2,1,2,16,1,10,2,1,0,1
3,0,1,0,0,2,1,1,16,6,5,1,0,0,0
2,0,0,0,0,2,1,1,13,5,1,1,1,0,0
1,0,0,0,1,1,1,1,10,8,9,2,1,1,0
2,0,1,0,0,2,1,1,9,5,10,1,0,0,0
2,0,1,0,0,1,1,1,15,4,5,2,1,0,1
3,0,0,0,0,3,1,1,15,4,10,1,1,0,1
2,0,1,0,0,1,1,1,14,5,8,2,1,0,0
1,0,1,0,0,2,1,1,14,5,2,1,0,0,0
2,0,0,0,1,2,1,1,14,4,1,1,1,1,0
2,0,0,0,0,4,1,1,16,2,6,1,1,0,1
2,0,1,0,1,2,1,1,16,5,10,2,1,1,0
3,0,0,0,1,2,1,2,13,3,5,1,1,3,1
2,0,0,0,1,1,1,1,16,12,1,1,1,2,1
3,0,1,0,0,1,1,1,17,6,5,2,0,0,0
2,0,1,0,0,2,1,1,15,5,1,1,0,0,0
3,0,0,0,0,1,1,1,10,11,5,1,1,0,0
2,0,0,1,0,2,1,1,15,7,6,1,1,0,0
3,0,0,0,0,2,1,3,15,11,5,2,1,0,0
2,0,0,1,0,3,1,1,10,8,10,1,1,0,0
3,0,1,1,0,2,1,3,17,10,7,2,2,0,1
3,0,0,0,0,1,1,1,9,11,8,2,1,0,0
2,0,0,0,0,1,1,1,11,8,10,1,1,0,0
3,0,0,0,2,2,1,1,16,8,5,0,1,2,1
2,0,1,0,1,2,1,1,15,5,2,1,1,1,0
3,0,1,0,1,2,1,1,15,8,5,1,1,3,1
3,0,1,0,0,2,1,1,14,4,5,2,1,0,0
1,0,0,0,0,3,1,4,12,8,2,1,1,0,1
2,0,0,0,0,1,1,1,12,9,8,2,0,0,0
2,0,1,0,0,2,1,1,13,8,10,1,1,0,0
3,0,0,0,0,3,1,1,17,6,7,1,0,0,0
2,0,0,0,0,1,1,1,11,8,5,2,1,0,0
3,0,0,0,0,1,1,2,12,1,5,2,1,0,0
3,0,0,0,0,1,1,2,15,8,7,2,1,0,1
3,0,1,0,1,1,1,1,10,10,7,2,1,3,1
2,0,0,1,1,1,1,1,10,2,9,2,1,2,0
2,0,1,0,0,1,1,3,9,6,2,1,0,0,0
2,0,1,1,0,2,1,1,12,4,8,1,1,0,0
2,0,1,0,0,3,1,1,16,5,1,0,0,0,0
3,0,0,0,0,1,1,1,13,3,5,2,1,0,1
3,0,0,0,1,3,1,1,9,8,5,1,1,3,1
1,0,0,0,0,3,1,1,15,8,4,1,1,0,0
3,0,1,0,0,2,1,3,15,5,10,1,0,0,0
2,0,1,0,1,2,1,1,14,2,10,1,1,2,0
2,0,1,1,1,3,1,3,14,2,1,0,1,1,1
2,0,1,0,0,2,1,1,16,10,10,1,1,0,1
3,0,0,0,0,2,1,2,9,7,7,2,2,0,1
1,0,0,0,0,3,1,1,17,8,6,1,1,0,0
2,0,0,0,1,2,1,1,13,5,10,2,1,1,0
1,0,1,0,1,2,1,1,11,11,2,1,1,1,0
3,1,1,0,0,2,1,1,13,7,5,1,1,0,0
2,0,0,0,0,1,1,3,12,2,10,1,1,0,1
3,0,1,0,0,2,1,1,16,7,3,1,2,0,0
2,0,1,0,0,1,1,1,10,5,8,1,1,0,1
2,0,1,0,0,1,1,1,10,6,8,2,0,0,1
3,1,1,1,0,1,1,1,10,11,5,1,1,0,0
2,0,0,0,1,4,1,3,17,1,6,1,2,3,1
1,0,1,0,0,2,1,2,17,5,2,1,0,0,1
3,0,0,0,0,4,1,1,16,2,6,1,1,0,1
3,0,0,0,1,1,1,1,13,5,2,2,2,3,1
2,0,1,1,0,3,1,1,17,5,1,1,0,0,0
2,0,0,0,5,2,1,1,9,10,10,1,1,1,1
2,0,1,0,1,1,1,1,17,5,8,2,1,1,0
3,0,0,0,0,2,1,1,12,5,10,1,2,0,1
1,0,0,0,0,4,1,1,10,1,6,1,1,0,1
3,0,0,1,0,1,1,1,15,2,1,2,1,0,1
1,0,1,0,1,1,1,1,13,8,2,1,0,2,0
3,0,1,0,5,1,1,2,13,2,10,1,1,1,1
2,0,0,0,0,2,1,1,11,7,1,1,1,0,1
2,0,0,0,0,2,1,1,17,4,10,0,1,0,1
3,0,0,0,1,3,1,1,9,10,5,1,1,3,1
2,1,1,1,0,2,1,1,12,7,2,2,1,0,1
2,0,0,1,0,3,1,2,9,7,2,2,1,0,1
2,0,0,0,1,2,1,1,17,5,10,0,1,2,1
2,0,0,0,0,1,1,1,13,8,10,2,1,0,0
2,0,0,0,0,1,1,1,16,3,10,1,1,0,1
3,0,0,0,1,1,1,2,10,9,5,2,1,3,1
2,0,0,0,0,3,1,1,15,7,6,0,1,0,0
2,0,0,0,0,1,1,1,14,7,8,2,1,0,1
2,0,0,0,0,1,1,1,14,10,9,2,1,0,1
3,0,1,0,0,2,1,1,16,4,5,2,1,0,0
2,0,0,0,0,3,1,1,15,1,6,1,1,0,1
2,0,1,0,0,2,1,1,17,6,1,0,0,0,0
2,0,0,0,0,1,1,1,16,8,10,2,1,0,0
2,0,0,0,0,3,1,1,12,8,2,1,1,0,0
3,0,0,0,0,1,1,1,15,5,5,1,0,0,0
2,1,1,1,0,1,1,1,16,6,2,2,0,0,0
3,0,0,0,1,2,1,1,10,3,5,0,1,2,1
2,0,0,0,0,2,1,1,16,6,8,1,0,0,0
2,0,0,0,0,3,1,1,11,1,6,1,1,0,1
2,0,0,0,0,3,1,1,14,8,10,0,1,0,0
2,0,0,0,1,4,1,4,12,12,6,1,2,3,1
3,0,1,0,0,2,1,1,11,6,5,1,0,0,1
2,0,1,0,0,2,1,1,15,4,1,1,1,0,0
2,0,1,1,0,1,1,2,16,7,2,1,1,0,1
1,0,0,0,0,3,1,1,12,6,4,1,0,0,0
2,0,0,0,0,2,1,2,9,11,1,0,1,0,0
3,0,1,0,0,2,1,2,12,4,10,1,1,0,1
2,0,0,0,0,2,1,1,17,1,7,1,1,0,0
1,0,0,0,0,3,1,1,10,7,2,1,1,0,0
3,0,1,1,0,3,1,1,17,7,3,1,1,0,0
2,0,0,1,0,2,1,1,12,6,1,2,0,0,1
3,0,1,0,0,2,1,1,13,2,5,0,2,0,0
2,0,0,0,0,1,1,1,9,4,9,2,1,0,1
3,0,1,0,0,1,1,2,14,8,5,0,1,0,0
3,0,1,0,0,1,1,1,14,8,10,1,1,0,0
3,0,0,0,0,2,1,1,9,5,5,1,2,0,0
2,0,1,0,1,2,1,1,14,5,10,1,1,1,0
2,0,0,0,1,1,1,1,11,9,8,2,1,1,1
2,0,1,0,0,2,1,1,17,4,10,0,1,0,0
3,0,0,0,0,2,1,1,11,6,5,1,0,0,0
1,0,0,0,0,4,1,1,15,9,6,1,2,0,0
2,0,1,0,0,3,1,1,17,5,2,1,1,0,0
3,0,1,0,2,2,1,1,17,4,5,2,1,2,0
2,0,1,0,2,3,1,1,9,5,5,0,2,1,0
2,0,0,0,0,1,1,1,10,3,1,2,1,0,0
3,0,0,0,0,2,1,1,10,8,2,1,1,0,0
1,0,1,1,0,3,1,1,12,6,10,1,0,0,0
3,0,0,0,0,3,1,1,14,6,10,1,0,0,0
1,0,0,0,0,5,1,2,13,10,6,0,2,0,1
1,0,1,1,0,2,1,1,14,4,5,1,1,0,0
1,0,1,0,0,2,1,1,10,5,2,1,1,0,1
2,0,0,0,1,1,1,1,12,11,9,2,1,2,0
1,0,0,0,0,2,1,1,9,8,8,1,1,0,0
3,0,0,0,0,3,1,1,13,6,7,1,0,0,0
1,0,1,0,0,3,1,1,12,5,2,1,0,0,0
3,0,0,1,1,2,1,1,16,11,5,1,1,2,0
2,0,0,0,0,1,1,1,13,4,1,1,1,0,1
2,0,1,1,0,2,1,1,12,7,10,1,1,0,0
2,0,0,0,3,1,1,1,17,10,8,2,2,2,0
3,0,1,0,5,2,1,1,16,1,5,1,1,2,0
3,0,0,0,0,1,1,1,10,6,10,2,2,0,1
2,0,1,0,0,2,1,2,16,6,1,0,0,0,1
3,0,1,0,0,1,1,2,17,8,5,1,1,0,0
2,0,1,1,0,2,1,1,17,6,1,1,0,0,0
1,0,0,0,1,1,1,1,14,11,9,2,2,2,0
1,0,0,0,1,2,1,1,12,7,3,1,1,2,1
1,0,1,0,0,2,1,2,17,5,2,1,0,0,0
3,0,1,0,1,2,1,1,10,4,5,1,1,1,1
3,0,0,0,0,3,1,1,13,8,5,2,1,0,0
2,0,1,0,0,3,1,1,14,11,8,1,1,0,0
3,0,0,0,0,2,1,1,10,7,5,0,1,0,1
3,0,0,0,0,1,1,1,16,8,9,2,1,0,0
3,0,0,0,1,1,1,1,17,2,5,1,1,2,0
2,1,1,0,0,2,1,1,17,5,2,2,0,0,0
2,0,0,0,0,2,1,1,16,11,10,1,1,0,0
3,0,0,0,0,3,1,1,17,5,6,0,0,0,1
2,0,1,0,0,3,1,1,11,5,2,1,1,0,0
2,0,0,0,1,1,1,1,9,2,0,2,2,1,1
2,0,0,0,0,4,1,1,13,10,6,1,1,0,0
3,0,0,0,0,2,1,1,12,10,1,1,1,0,0
2,0,0,0,0,3,1,1,14,4,3,1,1,0,1
2,0,1,0,0,3,1,2,17,7,6,0,1,0,1
2,0,1,0,0,3,1,1,14,5,10,1,0,0,0
2,0,0,0,0,1,1,1,10,5,2,2,1,0,0
3,0,1,0,0,1,1,1,13,8,5,1,1,0,0
2,0,1,0,5,2,1,1,12,12,1,2,1,3,1
3,0,0,0,0,2,1,1,10,5,5,1,0,0,0
1,0,1,0,1,3,1,1,9,1,2,2,1,1,0
3,0,1,0,0,1,1,1,17,4,5,2,1,0,0
2,0,0,1,0,1,1,1,10,7,2,1,1,0,0
3,0,0,0,0,1,1,1,14,5,5,2,2,0,0
2,0,0,0,0,3,1,1,11,7,10,1,1,0,0
3,0,0,0,0,1,1,1,15,5,5,2,1,0,1
3,0,0,0,0,2,1,1,10,5,5,2,1,0,0
3,0,0,0,0,2,1,1,16,8,5,1,1,0,1
3,0,0,0,0,1,1,1,15,8,5,2,1,0,0
2,0,1,0,3,3,1,1,10,5,10,0,1,2,0
2,0,1,0,0,2,1,2,9,7,8,1,1,0,1
1,0,0,0,1,5,1,1,11,1,6,1,1,3,1
3,0,0,0,0,4,1,1,13,4,6,1,1,0,1
1,0,1,0,1,2,1,2,11,11,5,1,1,3,1
3,0,0,0,0,2,1,2,17,7,8,2,1,0,1
2,0,1,0,0,1,1,1,9,6,10,2,0,0,0
3,0,0,0,0,3,1,1,9,6,5,0,1,0,1
1,0,0,0,0,3,1,1,14,7,2,1,2,0,0
1,0,0,0,1,4,1,1,15,9,6,1,1,3,1
2,0,1,0,0,3,1,1,14,5,10,2,0,0,0
3,0,0,0,0,2,1,1,10,5,5,1,1,0,1
2,0,0,0,0,3,1,1,17,5,2,1,1,0,0
2,0,1,0,1,1,1,1,12,5,2,2,1,1,0
1,0,1,1,0,2,1,1,12,6,2,1,0,0,0
2,0,0,0,1,2,1,1,14,4,1,1,1,3,1
2,0,0,0,0,1,1,1,15,2,3,2,1,0,1
2,0,1,0,0,1,1,1,16,6,7,1,0,0,1
2,0,1,0,0,2,1,2,12,6,2,2,0,0,1
2,0,0,0,1,3,1,1,14,3,1,1,2,3,1
2,0,1,0,0,2,1,1,12,7,1,1,1,0,0
3,0,1,0,0,1,2,1,11,11,7,2,1,0,0
1,0,1,0,0,2,1,1,16,5,10,1,0,0,0
2,0,1,0,0,2,1,2,15,7,1,1,1,0,1
2,0,1,0,0,2,1,1,12,6,8,1,0,0,0
2,0,1,0,0,2,1,1,9,5,2,1,0,0,0
3,0,1,0,0,1,1,1,14,4,5,2,1,0,0
2,0,1,0,0,1,1,1,15,5,10,2,0,0,0
3,0,1,1,0,2,1,1,10,5,5,2,0,0,1
2,0,1,0,0,1,1,1,10,7,8,1,1,0,0
1,0,1,1,0,3,1,1,11,5,5,1,0,0,0
2,0,1,0,1,2,1,1,10,11,10,2,1,3,0
3,0,1,0,0,2,1,1,13,7,10,2,1,0,0
3,0,1,0,1,2,1,1,13,4,7,1,2,2,1
1,0,0,0,0,5,1,1,14,3,6,0,1,0,1
2,0,1,0,0,1,1,1,9,5,1,1,0,0,0
2,0,1,0,0,2,1,1,11,4,1,2,1,0,0
1,0,0,0,0,2,1,1,11,5,2,1,0,0,1
2,0,0,0,2,1,1,1,10,10,10,2,1,3,1
3,0,0,0,0,2,1,1,10,5,5,1,0,0,0
2,0,1,0,0,1,1,1,13,5,2,1,0,0,0
2,0,0,0,0,3,1,1,10,6,3,0,0,0,0
2,0,0,1,1,3,1,1,17,2,1,2,1,1,0
3,0,0,1,0,2,1,1,14,11,5,1,1,0,0
2,0,0,0,0,1,1,1,12,4,7,2,1,0,1
1,0,1,0,1,3,1,1,13,5,2,1,1,1,0
2,0,0,0,0,1,1,1,11,2,10,2,1,0,0
3,0,1,1,0,3,1,3,15,6,5,1,0,0,1
2,0,0,0,0,2,1,1,10,8,11,0,1,0,1
1,0,0,0,0,3,1,1,17,8,4,1,2,0,0
3,0,0,0,0,2,1,1,15,3,10,2,1,0,1
3,0,0,0,1,1,1,1,12,7,9,2,1,3,1
3,0,1,0,0,2,1,1,16,9,5,1,1,0,0
2,0,1,0,0,2,1,1,17,5,2,2,2,0,0
2,0,1,0,0,2,1,1,9,5,2,1,1,0,1
2,0,1,0,0,3,1,1,9,7,8,1,2,0,0
1,0,0,0,0,3,1,1,10,6,2,1,0,0,0
1,0,1,0,0,3,1,2,9,5,4,0,0,0,0
2,0,0,0,1,1,1,1,13,6,8,2,1,3,1
2,0,1,0,0,1,1,1,10,7,8,1,1,0,0
3,0,1,0,0,1,1,1,14,7,10,2,1,0,0
2,0,1,1,5,3,1,1,12,5,2,1,1,1,0
1,0,0,0,0,1,1,1,14,6,2,1,0,0,0
2,0,0,0,1,2,1,1,13,5,10,1,1,3,1
1,0,0,0,0,4,1,1,9,3,6,0,1,0,0
2,0,1,1,0,2,1,1,17,7,10,0,1,0,0
2,0,1,0,1,1,1,1,12,4,10,0,1,1,0
3,0,0,0,0,4,1,1,11,8,6,1,1,0,1
1,0,1,0,1,2,1,1,9,5,2,2,1,2,0
3,0,1,0,1,2,1,1,16,5,5,1,1,3,1
2,0,0,0,0,2,1,1,15,8,10,0,1,0,0
3,0,1,0,0,2,1,1,14,6,5,0,0,0,0
2,0,1,0,1,2,1,1,15,2,10,1,1,2,1
3,0,1,0,0,1,1,2,16,5,10,2,0,0,1
3,0,0,0,0,1,1,1,15,8,5,2,1,0,0
2,0,1,0,0,2,1,1,16,4,8,1,1,0,0
2,0,1,1,0,1,1,1,15,5,1,1,1,0,0
2,0,1,0,0,2,1,2,9,5,8,1,1,0,1
2,0,0,0,0,2,1,2,13,4,8,1,1,0,1
3,0,1,0,0,2,1,1,15,6,5,1,1,0,0
3,0,0,0,0,1,1,1,13,10,1,2,1,0,0
2,0,0,0,1,3,1,1,11,2,10,1,1,3,1
2,0,1,0,0,1,1,1,17,5,10,2,2,0,0
2,0,0,0,0,3,1,1,11,11,2,1,1,0,0
1,0,0,0,0,2,1,1,9,7,10,1,1,0,0
2,0,1,1,0,1,1,1,10,5,10,2,0,0,0
2,0,1,0,1,3,1,2,15,5,5,1,1,1,1
3,0,0,0,0,2,1,1,12,8,1,2,1,0,1
1,0,0,0,0,3,1,1,9,8,6,1,1,0,0
3,0,1,0,1,3,1,2,9,9,5,0,1,1,1
3,0,1,0,0,2,1,1,16,6,5,0,0,0,0
2,0,0,0,0,3,1,1,10,7,3,0,1,0,0
1,0,0,0,0,3,1,1,9,8,10,2,1,0,1
3,0,0,1,0,1,1,1,13,7,8,2,2,0,1
2,0,1,0,0,2,1,1,13,5,10,0,0,0,0
3,0,0,0,2,2,1,1,12,7,7,1,1,2,1
2,0,0,0,1,1,1,1,15,9,3,1,1,1,1
3,0,0,0,0,1,1,1,15,5,1,2,0,0,0
2,0,0,0,0,2,1,1,14,1,6,0,1,0,0
3,0,1,0,1,1,1,1,9,8,5,1,1,2,1
2,0,1,0,0,1,1,1,9,11,8,1,1,0,0
2,0,1,0,0,1,1,1,16,5,2,1,1,0,0
2,0,0,0,1,2,1,2,16,1,10,1,1,1,0
1,0,1,0,0,3,1,1,15,5,2,1,0,0,0
2,0,0,0,1,1,1,1,12,1,10,2,1,3,1
2,0,0,0,1,1,1,1,9,11,10,1,1,1,0
3,0,0,0,1,2,1,1,13,9,5,0,1,3,1
2,0,1,0,0,1,1,1,11,5,11,1,0,0,0
3,0,0,0,1,2,1,1,14,8,5,1,1,2,0
2,0,0,0,0,1,1,1,12,6,9,2,0,0,0
3,0,0,0,0,3,1,1,17,7,5,1,1,0,0
2,0,0,1,0,3,1,2,13,7,10,1,1,0,1
2,0,0,0,1,3,1,1,9,8,6,1,1,3,1
2,0,1,0,0,2,1,1,10,5,1,1,0,0,0
2,0,0,0,0,1,1,1,14,8,10,0,1,0,1
3,0,0,0,2,2,1,1,10,11,5,1,1,3,1
2,0,1,0,0,2,1,1,14,8,10,1,1,0,0
2,0,0,0,0,2,1,1,17,8,5,1,1,0,1
1,0,1,0,5,3,1,1,17,5,2,2,2,1,0
2,0,0,0,0,1,1,1,10,1,1,2,2,0,0
2,0,1,0,0,2,1,1,13,7,2,1,1,0,0
2,0,0,1,0,2,1,1,10,8,10,1,1,0,0
2,0,0,0,1,3,1,1,10,12,4,1,1,1,0
2,0,1,0,0,2,1,1,13,5,8,1,0,0,0
2,0,1,0,1,1,1,1,17,5,11,2,1,2,0
2,0,0,0,0,2,1,1,16,4,11,0,1,0,1
3,0,1,0,0,3,1,1,9,7,5,1,1,0,0
2,0,1,0,0,2,1,1,10,5,10,2,0,0,0
1,0,1,0,0,3,1,1,17,5,2,0,0,0,0
2,0,1,0,0,3,1,1,14,5,8,1,0,0,0
2,0,0,0,0,3,1,3,9,2,8,1,2,0,1
2,0,0,0,0,2,1,1,16,8,10,1,1,0,1
3,0,1,0,0,2,1,1,9,3,5,1,1,0,1
3,0,0,0,0,1,1,1,14,5,9,2,1,0,1
2,0,1,0,0,1,1,1,14,4,10,1,1,0,0
3,0,0,0,0,1,1,1,12,5,5,2,0,0,0
3,0,0,0,5,2,1,2,9,10,5,1,1,3,1
2,0,0,0,0,1,1,1,14,5,10,2,1,0,1
2,0,0,0,0,2,1,2,17,7,2,2,1,0,1
2,0,0,0,0,1,1,1,13,2,2,2,1,0,1
2,0,1,1,0,1,1,1,10,5,10,2,1,0,0
3,0,1,1,1,1,1,1,10,2,1,1,1,2,0
1,0,0,0,0,3,1,1,16,12,6,1,1,0,1
2,0,0,0,0,2,1,1,14,7,4,0,1,0,0
2,0,1,0,0,1,1,1,13,4,1,1,1,0,1
3,0,0,0,0,2,1,1,10,8,5,1,1,0,0
2,0,1,0,0,2,1,1,14,5,2,1,0,0,0
1,0,1,0,0,2,1,1,17,6,2,2,0,0,0
1,0,1,0,0,3,1,1,16,11,2,0,1,0,0
3,0,1,0,0,2,1,1,10,7,5,1,1,0,0
2,0,1,1,0,1,1,2,9,5,3,1,0,0,0
2,0,1,0,0,1,1,1,17,5,8,2,0,0,0
2,0,1,0,0,2,1,1,15,5,1,1,1,0,0
2,0,0,0,0,2,1,1,15,5,2,1,0,0,0
3,0,1,0,1,3,1,1,10,11,5,1,1,1,0
2,0,1,0,0,1,1,1,15,7,2,2,1,0,1
3,0,0,0,0,3,1,1,10,6,5,0,0,0,0
3,0,0,0,0,2,1,3,13,1,5,2,1,0,1
2,0,1,0,0,2,1,1,13,5,5,1,0,0,0
2,0,1,1,1,1,1,1,9,4,10,2,1,1,0
2,0,0,0,1,1,1,1,13,6,2,2,1,3,1
3,0,0,0,0,2,1,1,13,8,5,1,1,0,0
1,0,1,0,0,3,1,1,10,8,6,1,1,0,1
2,0,1,0,1,2,1,1,12,5,2,0,1,2,0
2,0,1,0,0,1,1,1,9,5,2,1,0,0,0
2,0,1,0,0,1,1,1,17,5,8,2,0,0,0
2,0,1,0,0,1,1,2,12,6,10,1,0,0,1
3,0,0,1,0,2,1,1,14,11,3,0,1,0,0
3,0,0,0,0,3,1,2,12,8,10,0,1,0,1
1,1,1,1,0,1,1,1,13,7,2,1,1,0,0
3,0,1,1,0,1,1,1,17,6,5,2,0,0,0
2,0,1,1,0,2,1,1,13,5,2,2,0,0,0
3,0,1,0,1,1,2,1,15,11,5,1,1,1,1
1,0,1,0,0,3,1,1,17,5,2,0,1,0,0
2,0,1,0,0,3,1,1,16,7,1,1,2,0,1
3,0,0,0,0,1,1,1,9,6,10,2,1,0,1
3,0,1,0,1,1,1,1,16,5,5,2,1,2,0
3,0,1,0,1,3,1,1,13,6,1,2,1,3,1
2,0,0,0,0,3,1,1,16,8,1,1,2,0,0
2,0,0,0,0,1,1,1,14,6,5,1,1,0,1
3,0,1,0,0,2,1,1,14,6,10,0,0,0,0
3,0,0,0,0,2,1,1,14,8,5,0,1,0,0
3,0,1,0,0,3,1,1,14,3,1,2,1,0,1
2,0,1,0,0,1,1,2,17,5,8,2,1,0,1
1,0,1,0,0,1,1,1,11,7,4,1,1,0,0
2,0,1,0,0,2,1,2,11,7,4,1,1,0,1
3,0,1,0,0,2,1,3,16,5,5,0,0,0,1
3,0,1,0,0,3,1,1,9,4,7,0,1,0,1
2,0,0,0,0,2,1,1,15,11,10,1,1,0,0
2,0,0,0,0,1,1,1,11,4,2,1,1,0,0
2,0,1,0,0,2,1,1,9,5,10,2,0,0,1
3,0,0,1,1,2,1,1,10,2,5,1,1,3,1
3,0,0,0,0,3,1,1,10,5,10,1,0,0,0
2,0,0,0,0,1,1,1,9,5,2,2,1,0,1
2,0,0,0,1,2,1,1,9,1,1,0,1,2,0
2,0,1,0,0,2,1,1,14,6,10,2,0,0,0
2,0,1,0,2,2,1,1,16,2,7,1,1,3,0
2,0,0,0,0,2,1,1,13,8,2,1,1,0,0
2,0,1,0,0,3,1,2,13,7,2,1,2,0,1
2,0,0,1,0,3,1,1,10,8,6,1,1,0,0
2,0,1,0,0,1,1,1,15,6,2,2,0,0,0
2,0,0,0,0,3,1,1,17,7,1,1,2,0,0
3,0,1,0,0,1,1,1,9,5,9,2,1,0,1
2,0,1,0,0,2,1,1,17,5,3,2,1,0,1
3,0,0,0,1,2,1,1,14,5,5,2,1,2,0
2,0,1,0,0,1,1,1,11,6,3,1,0,0,0
3,1,1,1,0,1,1,2,17,8,3,2,1,0,1
1,0,0,1,0,2,1,1,17,7,8,1,1,0,0
3,0,0,0,0,3,1,1,10,7,5,0,0,0,0
2,0,1,0,1,2,1,1,10,5,8,1,1,1,0
3,0,1,0,0,2,1,2,15,7,5,1,1,0,1
3,0,0,0,0,1,1,2,14,5,5,1,0,0,0
2,0,0,0,0,2,1,2,16,8,10,1,1,0,1
1,0,0,0,1,2,1,1,17,3,10,1,1,2,1
2,0,0,1,0,2,1,1,9,7,1,1,0,0,0
3,0,1,0,0,2,1,1,16,5,5,0,0,0,0
2,0,1,0,0,3,1,1,15,4,2,1,1,0,1
1,0,1,0,0,2,1,1,12,5,8,1,0,0,0
3,0,1,0,0,3,1,1,15,6,5,1,0,0,0
2,0,0,0,0,1,1,1,9,3,1,2,1,0,1
1,0,1,0,0,2,1,1,12,6,2,1,0,0,0
3,0,0,0,1,2,1,1,15,7,1,1,1,3,1
3,0,1,0,0,2,1,1,17,11,5,1,1,0,0
3,0,0,0,0,3,1,2,10,8,10,1,1,0,1
3,0,1,0,1,3,1,1,14,11,5,1,1,2,0
2,0,1,0,0,1,1,1,17,2,5,2,1,0,0
2,0,1,1,0,2,1,1,12,5,10,1,1,0,0
3,0,0,0,0,1,1,1,17,8,5,2,1,0,0
2,0,0,0,0,2,1,1,13,5,10,1,1,0,1
1,0,1,0,0,3,1,1,14,6,2,1,0,0,0
3,0,1,0,0,2,1,1,10,5,5,1,0,0,0
2,0,0,0,0,1,1,3,17,1,11,2,1,0,1
3,0,0,0,1,2,1,1,15,6,10,2,1,3,1
2,0,0,0,1,1,1,1,9,2,9,2,1,3,1
3,0,0,0,0,2,1,1,11,6,9,1,0,0,0
2,0,0,0,0,1,1,1,17,8,5,1,1,0,0
3,0,0,1,0,3,1,1,13,7,3,1,1,0,0
3,0,0,0,1,2,2,1,17,2,5,1,1,3,1
2,0,0,0,1,1,1,1,15,6,9,2,1,2,1
3,0,0,0,1,1,1,1,17,7,1,1,1,3,1
2,0,1,0,0,2,1,2,13,11,10,2,1,0,1
2,0,1,0,0,2,1,1,15,5,10,1,1,0,0
3,0,0,0,1,2,1,1,9,7,5,1,1,1,1
3,0,0,0,1,1,1,1,10,5,1,1,1,1,1
1,0,1,1,0,2,1,1,16,5,2,2,2,0,0
3,0,0,0,0,1,1,1,11,12,5,1,1,0,0
3,0,1,0,0,1,1,1,11,5,5,1,0,0,0
1,0,1,1,3,2,1,1,12,1,1,1,1,2,0
2,0,1,0,0,1,1,1,10,5,1,2,0,0,0
2,0,0,0,0,3,1,1,17,6,3,1,1,0,0
3,0,1,0,5,4,1,1,12,4,5,1,1,3,1
2,0,0,0,0,3,1,1,9,6,1,2,1,0,1
2,0,0,0,0,1,1,1,10,2,10,2,1,0,0
2,0,0,0,0,2,1,1,12,6,1,2,0,0,0
2,0,1,0,0,1,1,1,15,5,8,1,1,0,0
2,0,0,0,1,3,1,1,15,10,10,1,1,2,1
2,0,1,0,0,1,1,1,15,5,2,2,1,0,0
1,0,0,0,5,1,1,1,9,9,2,1,1,2,1
2,0,1,0,0,2,1,1,13,10,10,0,0,0,1
3,0,0,0,0,2,1,1,11,2,5,1,1,0,1
2,0,1,0,0,2,1,1,12,6,7,1,0,0,0
2,0,1,0,0,3,1,2,17,5,3,2,0,0,1
2,0,1,0,0,1,1,1,14,5,1,2,1,0,0
2,0,1,0,1,1,1,1,14,5,1,2,1,1,0
3,0,0,0,1,3,1,1,10,3,5,1,1,3,1
2,0,1,0,0,1,1,1,16,5,8,1,1,0,0
3,0,0,0,0,2,1,1,11,6,10,1,0,0,0
3,0,1,0,0,2,1,1,13,5,5,0,0,0,0
1,0,1,0,3,2,1,1,10,2,2,1,2,1,0
2,0,1,0,0,1,1,1,16,5,8,1,1,0,0
3,0,1,0,0,2,1,1,12,5,10,2,1,0,1
2,0,0,0,0,3,1,2,15,6,8,0,0,0,1
3,0,0,0,0,1,1,1,14,11,5,2,1,0,0
3,0,0,0,0,2,1,1,16,11,5,1,1,0,1
1,0,1,0,0,2,1,1,14,5,4,1,0,0,0
2,0,0,0,1,2,1,1,13,11,1,1,1,1,0
2,0,0,1,0,2,1,4,12,7,2,0,1,0,0
3,0,0,0,0,3,1,1,10,2,5,1,1,0,1
2,0,1,1,1,1,1,1,15,1,10,2,1,2,0
2,0,0,0,0,3,1,1,9,8,8,1,1,0,0
1,0,1,0,0,3,1,4,9,5,2,0,0,0,1
2,0,0,1,0,1,1,3,15,7,2,2,1,0,1
1,0,1,0,0,2,1,2,17,7,2,0,1,0,1
3,0,0,0,0,2,1,1,12,5,5,0,1,0,0
3,0,1,1,1,1,1,1,9,11,5,1,1,2,0
2,0,0,0,1,4,1,1,14,10,6,1,1,1,0
2,0,0,0,2,2,1,2,15,10,11,1,1,3,1
2,0,0,0,2,2,1,1,10,3,11,2,1,2,1
3,0,1,0,0,2,1,1,14,5,3,1,1,0,1
2,0,1,0,0,2,1,1,17,7,8,1,1,0,0
1,0,0,0,0,2,1,1,10,8,4,1,1,0,0
2,0,0,0,0,3,1,1,10,8,2,1,1,0,0
2,0,0,0,1,3,1,1,9,8,11,1,1,3,1
2,0,0,0,0,2,1,1,16,2,10,2,1,0,0
2,0,0,0,0,1,1,3,9,6,2,2,1,0,1
2,0,1,0,0,1,1,1,13,5,1,2,1,0,0
2,0,1,0,0,1,1,1,17,5,1,1,1,0,0
2,0,0,0,0,1,1,2,14,1,0,2,1,0,1
2,0,1,0,1,2,1,2,15,5,1,1,1,2,1
2,0,1,0,0,2,1,1,14,5,1,0,0,0,0
2,0,1,0,0,2,1,1,12,5,8,0,0,0,0
2,0,1,0,0,3,1,2,16,5,2,1,0,0,0
2,0,1,0,0,1,1,1,15,6,1,2,0,0,0
3,0,1,0,0,3,1,1,9,5,3,1,0,0,0
1,0,1,0,5,1,1,1,13,5,2,1,1,1,0
3,0,0,0,1,3,1,1,15,10,5,1,1,3,1
2,0,0,0,0,2,1,2,9,6,11,2,1,0,1
2,0,1,0,0,1,1,2,15,5,1,2,1,0,1
2,0,0,0,0,3,1,1,16,2,2,1,2,0,0
1,0,0,0,0,2,1,1,9,7,3,1,1,0,0
2,0,0,0,5,2,1,1,16,2,7,0,1,2,0
2,0,0,0,1,1,1,1,9,5,8,1,1,3,1
2,0,0,0,1,3,1,1,9,2,11,0,1,1,0
2,0,0,0,2,2,1,1,11,2,11,1,1,3,1
3,0,1,1,1,2,1,2,17,4,5,1,1,1,0
2,0,0,0,0,2,1,1,15,1,8,0,1,0,0
1,0,0,0,0,4,1,1,12,3,4,1,1,0,1
3,0,0,0,0,2,1,1,11,6,5,1,0,0,0
3,0,1,0,0,2,1,1,11,5,5,1,0,0,0
2,0,1,0,1,2,1,1,10,5,2,1,1,2,0
1,0,0,0,0,2,1,1,17,11,11,1,1,0,1
1,0,0,0,5,4,1,1,9,5,6,1,1,3,1
3,0,1,0,0,1,1,1,12,7,5,1,1,0,0
2,0,1,1,0,1,1,2,9,5,2,2,1,0,1
2,0,0,0,0,3,1,1,9,11,2,1,2,0,1
3,0,1,0,0,1,1,1,11,4,1,2,1,0,0
2,0,1,1,0,2,1,1,13,7,8,1,1,0,0
3,0,0,0,0,1,1,1,12,5,5,2,1,0,0
2,0,1,0,1,2,1,1,15,11,1,1,1,1,1
2,0,1,0,0,2,1,1,15,5,8,2,0,0,0
2,0,1,0,1,2,1,1,16,5,10,2,1,1,0
3,0,0,0,0,2,1,1,9,6,5,2,1,0,0
1,0,0,0,1,4,1,1,14,1,6,0,2,3,1
1,0,0,1,0,3,1,2,10,7,2,1,1,0,0
2,0,1,0,0,2,1,1,13,5,2,1,1,0,0
2,0,0,0,0,2,1,1,15,2,8,1,1,0,0
3,0,1,0,0,1,1,1,11,4,5,2,1,0,1
1,0,1,1,0,2,1,1,16,5,3,1,2,0,0
3,0,0,0,1,1,1,1,15,6,5,2,1,3,1
3,0,0,0,0,3,1,3,11,2,5,1,1,0,1
2,0,1,0,1,1,1,1,11,5,8,0,1,1,0
1,0,0,0,0,4,1,1,14,4,6,0,1,0,1
3,0,1,0,1,1,1,1,16,1,5,1,1,2,0
3,0,1,1,0,2,1,1,14,5,5,2,1,0,1
2,0,1,0,0,2,1,1,12,6,1,1,1,0,1
3,0,0,0,1,3,1,1,10,5,6,1,1,1,0
2,0,0,0,0,1,1,1,9,2,1,2,1,0,1
2,0,0,1,0,3,1,1,11,11,1,0,2,0,1
3,0,0,0,0,2,1,1,16,8,10,1,1,0,1
3,0,0,1,0,2,1,1,17,6,10,1,0,0,1
2,0,1,0,5,2,1,1,12,5,10,1,1,1,0
2,0,0,0,0,2,1,1,10,4,10,0,1,0,1
2,0,0,0,0,4,1,1,13,9,6,1,1,0,1
2,0,0,0,1,3,1,1,10,5,11,1,1,3,1
3,0,1,0,0,3,1,1,17,6,7,2,0,0,0
1,0,0,1,0,2,1,1,9,7,8,0,1,0,0
3,0,1,0,0,2,1,1,12,11,5,1,1,0,0
1,0,0,0,1,5,1,1,17,3,6,0,2,2,1
2,1,0,0,0,3,1,1,14,11,5,1,1,0,0
2,0,1,1,1,2,1,1,12,5,10,1,1,1,0
1,0,1,0,0,2,1,3,14,4,5,1,1,0,1
2,0,1,1,0,2,1,1,11,4,3,1,1,0,0
1,0,1,0,1,2,1,1,17,8,5,1,1,3,1
2,0,1,0,0,2,1,1,13,5,8,2,0,0,1
2,0,1,0,0,2,1,2,12,5,10,2,0,0,1
3,0,0,0,0,2,1,1,12,2,5,1,1,0,0
2,0,0,0,0,2,1,1,10,8,10,2,1,0,0
2,0,0,1,0,2,1,1,11,7,1,0,1,0,1
3,0,0,0,0,4,1,1,11,4,7,1,1,0,1
2,0,1,0,0,3,1,1,12,5,8,2,1,0,0
3,0,1,1,0,3,2,1,9,11,5,1,1,0,0
2,0,0,0,0,3,1,2,14,8,1,1,1,0,1
2,0,1,0,1,3,1,1,9,11,10,1,1,1,0
2,0,0,0,0,1,1,1,11,9,9,2,1,0,0
2,0,1,0,0,2,1,1,17,5,1,1,1,0,0
2,0,0,0,0,2,1,1,14,8,2,1,1,0,0
2,0,0,0,0,2,1,1,13,8,10,2,1,0,0
3,0,1,0,0,2,1,1,15,5,10,0,1,0,0
2,0,0,0,0,3,1,2,13,11,2,1,1,0,1
1,0,1,0,0,2,1,3,11,5,2,1,0,0,1
3,0,0,0,1,2,1,1,14,4,5,2,1,2,0
3,0,1,0,1,1,1,1,10,7,5,2,2,1,1
2,0,1,0,1,2,1,1,16,5,10,1,1,1,0
2,0,1,0,0,1,1,1,9,11,2,1,1,0,0
3,0,0,0,0,1,1,1,12,8,1,2,0,0,0
2,0,0,0,0,3,1,1,10,6,7,1,0,0,0
1,0,1,0,0,3,1,1,12,5,2,1,0,0,0
2,0,1,0,1,3,1,1,9,8,11,1,1,3,1
1,0,1,0,0,2,1,1,16,1,2,2,1,0,0
2,0,1,0,0,2,1,1,16,5,10,1,0,0,0
2,0,0,0,0,1,1,1,16,5,10,2,1,0,0
1,0,0,0,0,3,1,1,11,6,6,1,1,0,1
1,0,1,0,0,3,1,1,16,5,6,1,0,0,0
3,0,0,0,0,3,1,1,16,11,4,1,2,0,1
1,0,1,0,0,1,1,1,10,5,10,2,0,0,0
3,0,0,0,0,1,1,1,17,9,5,2,1,0,0
2,0,1,0,0,1,1,1,14,6,2,2,0,0,0
2,0,1,0,0,1,1,1,11,5,8,2,1,0,1
2,0,1,0,1,2,1,1,11,4,1,2,1,2,0
2,0,0,0,1,2,1,1,10,9,2,1,1,3,1
2,0,0,0,0,2,1,1,11,6,2,1,0,0,0
2,0,0,0,0,1,1,1,14,8,10,1,1,0,1
1,0,0,0,1,4,1,1,14,8,4,1,1,1,0
2,0,1,0,0,2,1,1,14,5,2,1,0,0,0
2,0,1,0,0,2,1,1,17,5,1,1,1,0,0
3,0,0,0,0,3,1,2,13,1,1,2,2,0,1
3,0,0,0,0,1,1,1,9,5,5,2,1,0,0
3,0,1,0,0,3,1,1,16,4,5,1,1,0,1
2,0,1,0,0,3,1,1,10,5,5,1,0,0,0
3,0,1,0,0,3,1,1,16,6,5,2,0,0,0
2,0,0,0,0,2,1,1,13,8,10,2,1,0,0
2,0,1,1,0,1,1,1,13,8,8,1,1,0,1
2,0,0,0,1,1,1,1,12,5,9,2,1,3,1
3,0,0,0,1,4,1,1,12,11,5,1,1,3,1
2,0,0,0,2,3,1,1,16,7,1,1,1,1,1
2,0,0,0,1,3,1,1,14,1,8,1,1,3,1
3,0,0,0,1,2,1,1,12,2,10,1,1,3,1
2,0,1,0,0,3,1,1,17,11,8,1,1,0,0
3,0,1,0,0,2,1,1,11,8,5,1,1,0,0
2,0,0,0,0,1,1,1,9,7,9,2,1,0,1
1,0,0,1,0,3,1,1,17,7,6,0,2,0,0
2,0,1,1,0,1,1,1,14,5,10,2,1,0,0
2,0,0,0,1,5,1,1,16,7,6,1,2,3,1
2,0,1,0,0,2,1,1,11,11,7,0,1,0,0
2,1,0,1,0,2,1,1,10,7,10,1,1,0,0
1,1,0,1,0,2,1,2,11,7,2,1,1,0,0
3,0,1,0,0,1,1,1,9,5,3,2,1,0,0
1,0,0,0,0,3,1,1,10,8,6,1,1,0,0
2,0,1,0,0,3,1,1,14,11,10,1,1,0,0
2,0,0,0,1,1,1,1,9,5,2,2,2,1,0
2,0,0,0,0,2,1,2,17,8,10,1,1,0,1
3,0,0,0,1,2,1,1,10,12,1,0,1,1,1
2,0,0,0,0,1,1,1,11,9,9,2,1,0,1
2,0,0,0,0,1,1,1,17,6,2,0,0,0,0
2,0,0,0,0,3,1,2,9,7,4,0,1,0,0
2,0,0,0,1,2,1,1,10,7,5,1,1,3,1
2,0,0,0,1,1,1,1,10,1,9,2,1,3,1
3,0,0,0,0,1,1,1,11,2,5,2,1,0,1
3,0,1,1,1,1,1,1,9,11,5,1,1,1,0
2,0,1,0,0,2,1,2,9,7,1,1,1,0,0
1,0,1,0,0,1,1,2,12,7,8,1,1,0,1
3,0,0,0,0,3,1,2,16,11,10,1,1,0,1
3,0,1,0,0,3,1,1,16,7,5,0,1,0,0
2,0,1,0,0,1,1,1,16,4,8,1,1,0,0
2,0,1,0,5,2,1,1,14,5,10,0,2,2,0
2,0,0,0,0,1,1,1,15,6,1,2,1,0,0
1,0,1,0,0,3,1,1,16,7,2,1,1,0,1
2,0,0,0,1,2,1,1,16,11,2,1,1,1,0
1,0,0,0,0,4,1,1,16,1,6,1,1,0,1
1,0,1,0,0,2,1,2,9,4,2,1,1,0,1
1,0,0,0,0,3,1,2,14,6,6,1,1,0,0
2,0,1,1,0,2,1,1,16,7,10,2,1,0,0
2,0,1,0,0,2,1,1,14,5,10,2,1,0,0
2,0,1,0,0,1,1,2,17,5,1,1,0,0,1
2,0,1,0,0,2,1,1,10,6,10,2,0,0,0
2,0,1,0,1,3,1,1,14,10,1,0,2,1,1
3,0,0,0,5,2,1,2,15,4,5,1,1,2,1
2,0,0,0,1,3,1,1,16,2,1,1,1,3,1
2,0,1,1,1,2,1,1,13,2,10,1,1,1,0
2,0,0,0,0,2,1,1,10,6,2,1,1,0,1
3,0,0,0,0,2,1,2,10,8,5,2,1,0,0
2,0,1,0,1,1,1,1,16,5,8,1,1,2,0
2,0,1,1,1,3,1,1,12,2,10,1,1,1,0
3,0,1,0,0,3,1,1,9,5,6,0,0,0,0
2,0,1,0,0,2,1,1,14,5,2,1,0,0,0
3,0,0,0,0,2,1,1,13,11,5,1,1,0,0
3,0,0,0,1,2,1,1,17,8,11,2,1,3,1
2,0,0,0,0,2,1,1,13,6,2,2,0,0,0
3,0,1,0,1,1,1,1,17,11,10,2,1,2,1
2,0,0,0,0,2,1,1,13,7,1,2,1,0,0
2,0,0,0,1,3,1,1,10,2,3,1,1,1,0
2,0,0,0,0,1,1,1,13,7,1,1,1,0,0
2,0,1,0,1,2,1,1,15,4,8,1,1,1,0
3,0,1,0,0,1,1,1,13,9,5,2,1,0,1
2,0,1,0,1,1,1,1,10,4,2,2,1,2,0
2,1,1,0,0,1,1,1,9,7,10,1,1,0,1
1,0,0,0,0,3,1,1,15,8,8,1,1,0,0
2,0,1,0,0,1,1,1,9,5,10,1,0,0,0
1,0,0,0,1,1,1,1,9,5,11,2,1,1,1
1,0,1,0,0,3,1,1,9,11,2,2,1,0,0
3,0,1,1,0,2,1,1,9,1,5,1,1,0,0
3,0,1,0,0,2,1,1,9,5,5,2,0,0,0
2,0,1,1,0,2,1,1,14,6,8,1,0,0,0
3,0,1,0,2,2,1,1,12,5,5,1,1,3,1
2,0,1,1,0,2,1,1,16,11,2,1,1,0,0
3,0,1,1,0,2,1,1,10,11,5,2,1,0,0
2,0,0,0,0,3,1,1,10,7,1,2,1,0,1
1,0,1,1,0,3,1,1,11,5,5,1,1,0,0
3,0,0,0,0,1,1,1,16,6,11,2,2,0,1
3,0,0,0,0,1,1,1,11,2,5,1,1,0,0
2,0,1,0,0,1,1,1,17,1,1,2,1,0,0
2,0,1,0,0,1,1,1,10,7,1,1,1,0,0
2,0,0,0,0,3,1,1,15,9,8,2,1,0,1
3,0,0,0,0,2,1,1,13,1,5,1,1,0,1
3,0,1,0,0,3,1,1,16,5,2,1,0,0,0
1,0,0,0,1,5,1,1,13,2,4,1,1,1,1
2,0,0,0,0,1,1,1,13,2,10,2,1,0,0
2,0,1,0,0,2,1,1,11,6,2,1,0,0,0
2,0,1,0,0,2,1,1,17,5,1,0,1,0,0
1,0,0,0,0,5,1,1,15,5,6,0,2,0,1
2,0,1,0,1,1,1,1,16,9,4,1,1,1,1
1,0,0,0,0,3,1,1,14,1,6,1,1,0,0
2,0,0,1,0,2,1,1,14,4,10,1,1,0,1
1,0,1,0,1,3,1,1,10,5,7,1,1,1,0
3,0,0,0,0,1,1,1,11,7,5,2,1,0,1
2,0,0,1,0,2,1,1,10,8,2,1,1,0,0
3,0,0,0,0,2,1,1,14,8,5,2,1,0,0
2,0,1,0,1,1,1,2,16,5,10,1,1,1,1
2,0,1,1,0,1,1,2,17,5,2,1,0,0,0
1,0,0,0,0,4,1,1,17,4,6,1,1,0,1
3,0,0,0,1,2,1,1,15,9,5,0,1,3,1
2,0,0,0,2,2,1,1,10,3,10,2,1,2,1
2,0,0,0,0,4,1,1,11,12,6,1,2,0,1
1,0,0,0,0,3,1,1,16,6,6,1,1,0,1
2,0,1,0,0,1,1,1,10,5,8,2,1,0,1
3,0,1,1,0,1,1,3,16,5,5,1,0,0,1
3,0,1,0,0,2,1,3,15,8,5,1,1,0,1
2,0,1,0,0,2,1,1,15,5,2,1,1,0,0
2,0,1,1,0,2,1,1,10,5,8,1,0,0,0
2,0,0,0,0,2,1,1,17,7,3,2,1,0,0
3,0,0,0,0,3,1,1,17,6,0,2,0,0,0
2,0,0,0,0,2,1,1,13,6,8,2,0,0,0
1,0,1,0,0,2,1,1,13,5,2,1,0,0,0
3,0,0,0,1,1,1,1,10,8,10,2,1,3,1
1,0,1,1,0,1,1,1,14,5,2,1,0,0,0
2,0,1,0,0,2,1,2,12,5,10,1,0,0,1
2,0,0,0,0,1,1,1,9,2,10,2,1,0,1
3,0,0,0,0,1,1,1,13,6,5,2,1,0,0
2,0,0,0,1,3,1,1,17,6,8,0,1,3,1
3,0,1,0,1,3,1,1,9,11,3,1,1,1,0
2,0,0,0,0,2,1,1,12,1,11,1,1,0,0
2,0,0,0,0,2,1,1,15,10,10,1,2,0,0
2,0,0,0,0,3,1,1,16,11,1,1,1,0,1
1,1,0,1,0,3,1,3,9,7,4,0,1,0,0
2,0,1,0,0,2,1,1,9,2,11,1,2,0,0
3,0,0,0,0,2,1,1,11,8,5,2,1,0,0
1,0,0,0,0,2,1,3,15,2,2,2,2,0,1
2,0,0,0,0,1,1,1,14,2,9,2,1,0,1
2,0,1,1,0,2,1,1,14,11,10,1,1,0,0
2,0,1,0,1,2,1,1,15,5,10,1,1,1,0
2,0,0,0,0,3,1,1,9,6,10,2,0,0,0
2,0,1,0,3,1,1,1,16,5,5,2,1,1,0